epoch,accuracy,loss,val_accuracy,val_loss,learning_rate
0,0.6017061471939087,0.9657073020935059,0.6756756901741028,0.7668415904045105,0.0010000000474974513
1,0.6963033080101013,0.7399281859397888,0.7054054141044617,0.6981916427612305,0.0010000000474974513
2,0.7182938456535339,0.6843502521514893,0.6972972750663757,0.6952980756759644,0.0010000000474974513
3,0.7224644422531128,0.6630489230155945,0.7207207083702087,0.6571274995803833,0.0010000000474974513
4,0.7260663509368896,0.6498134136199951,0.7369369268417358,0.6277415156364441,0.0010000000474974513
5,0.7300474047660828,0.6346930265426636,0.7351351380348206,0.6251707077026367,0.0010000000474974513
6,0.7347867488861084,0.6251397132873535,0.7369369268417358,0.616893470287323,0.0010000000474974513
7,0.7340284585952759,0.6228019595146179,0.7414414286613464,0.6073459982872009,0.0010000000474974513
8,0.7404739260673523,0.6149681806564331,0.754054069519043,0.591956615447998,0.0010000000474974513
9,0.7410426735877991,0.6069101095199585,0.7432432174682617,0.6069371104240417,0.0010000000474974513
10,0.7448341250419617,0.6011145114898682,0.7423423528671265,0.6047284603118896,0.0010000000474974513
11,0.7435070872306824,0.5965870022773743,0.7441441416740417,0.591456413269043,0.0010000000474974513
12,0.7455924153327942,0.5926032662391663,0.7477477192878723,0.5909287333488464,0.0010000000474974513
13,0.7450236678123474,0.5926045179367065,0.7360360622406006,0.6069732308387756,0.0010000000474974513
14,0.7448341250419617,0.5851668119430542,0.7441441416740417,0.5832881927490234,0.0010000000474974513
15,0.7499526143074036,0.5821502208709717,0.7558558583259583,0.589592456817627,0.0010000000474974513
16,0.7495734691619873,0.5825841426849365,0.745945930480957,0.5847668647766113,0.0010000000474974513
17,0.7507109045982361,0.5806257724761963,0.7504504323005676,0.5891707539558411,0.0010000000474974513
18,0.7560189366340637,0.5744159817695618,0.7477477192878723,0.592370867729187,0.0010000000474974513
19,0.7548815011978149,0.5728761553764343,0.7621621489524841,0.5782133340835571,0.0010000000474974513
20,0.7546919584274292,0.5736284852027893,0.7558558583259583,0.5806773900985718,0.0010000000474974513
21,0.7543128132820129,0.5750939249992371,0.7594594359397888,0.578352689743042,0.0010000000474974513
22,0.7543128132820129,0.5690940618515015,0.7630630731582642,0.5847486853599548,0.0010000000474974513
23,0.7527962327003479,0.5754091143608093,0.7648648619651794,0.5682975649833679,0.0010000000474974513
24,0.7543128132820129,0.5650154948234558,0.7666666507720947,0.5645230412483215,0.0010000000474974513
25,0.7548815011978149,0.5651143789291382,0.7576576471328735,0.5785121321678162,0.0010000000474974513
26,0.7537440657615662,0.5700277090072632,0.7603603601455688,0.5717481970787048,0.0010000000474974513
27,0.7575355172157288,0.5669875741004944,0.7603603601455688,0.5707550048828125,0.0010000000474974513
28,0.7577251195907593,0.5568650364875793,0.7630630731582642,0.5676947236061096,0.0010000000474974513
29,0.7620853185653687,0.5627058744430542,0.7630630731582642,0.5692171454429626,0.0010000000474974513
30,0.7594313025474548,0.5617473125457764,0.7549549341201782,0.5815646648406982,0.0010000000474974513
31,0.7588625550270081,0.5501903295516968,0.7576576471328735,0.5776058435440063,0.0010000000474974513
32,0.757345974445343,0.5624611973762512,0.7621621489524841,0.5774789452552795,0.0010000000474974513
33,0.7560189366340637,0.5607931017875671,0.7648648619651794,0.5644150376319885,0.0010000000474974513
34,0.7541232109069824,0.5611074566841125,0.7612612843513489,0.5630147457122803,0.0010000000474974513
35,0.7560189366340637,0.5538539290428162,0.7567567825317383,0.5692588090896606,0.0010000000474974513
36,0.7512795925140381,0.5581510663032532,0.7594594359397888,0.5677067637443542,0.0010000000474974513
37,0.7617061734199524,0.5551556944847107,0.7621621489524841,0.575405478477478,0.0010000000474974513
38,0.7630331516265869,0.550971508026123,0.7585585713386536,0.5719658732414246,0.0010000000474974513
39,0.7660663723945618,0.5526980757713318,0.754054069519043,0.5716901421546936,0.0010000000474974513
40,0.7590521574020386,0.5554637312889099,0.7630630731582642,0.5711464881896973,0.0010000000474974513
41,0.7599999904632568,0.558285117149353,0.7567567825317383,0.5784662961959839,0.0010000000474974513
42,0.7588625550270081,0.5501952171325684,0.7549549341201782,0.5829330086708069,0.0010000000474974513
43,0.7607582807540894,0.5524169206619263,0.7486486434936523,0.5812225937843323,0.0010000000474974513
44,0.7611374258995056,0.5485582947731018,0.7666666507720947,0.559171199798584,0.0010000000474974513
45,0.7624644637107849,0.5519558191299438,0.7648648619651794,0.5623483061790466,0.0010000000474974513
46,0.7641705870628357,0.5492693781852722,0.7594594359397888,0.5913553237915039,0.0010000000474974513
47,0.765497624874115,0.5499781370162964,0.7666666507720947,0.5627534985542297,0.0010000000474974513
48,0.7624644637107849,0.5446749925613403,0.7549549341201782,0.576123058795929,0.0010000000474974513
49,0.7617061734199524,0.5423520803451538,0.7612612843513489,0.5703780055046082,0.0010000000474974513
50,0.7609478831291199,0.5406531691551208,0.7621621489524841,0.5714927315711975,0.0010000000474974513
51,0.7656872272491455,0.537453830242157,0.7639639377593994,0.5690516233444214,0.0010000000474974513
52,0.7637914419174194,0.5451421737670898,0.7630630731582642,0.5546218752861023,0.0010000000474974513
53,0.76701420545578,0.5398169159889221,0.7630630731582642,0.5595152974128723,0.0010000000474974513
54,0.7692890763282776,0.5438478589057922,0.7522522807121277,0.5808576941490173,0.0010000000474974513
55,0.7643601894378662,0.5396431088447571,0.7558558583259583,0.5673932433128357,0.0010000000474974513
56,0.76398104429245,0.5421002507209778,0.7594594359397888,0.5635870695114136,0.0010000000474974513
57,0.7626540064811707,0.547011137008667,0.7549549341201782,0.5594149827957153,0.0010000000474974513
58,0.7666350603103638,0.5400128364562988,0.7639639377593994,0.5551856160163879,0.0010000000474974513
59,0.7615165710449219,0.540895402431488,0.7621621489524841,0.5641841292381287,0.0010000000474974513
60,0.7679620981216431,0.5373121500015259,0.7630630731582642,0.562598466873169,0.0010000000474974513
61,0.7713744044303894,0.5311621427536011,0.7630630731582642,0.5601716637611389,0.0010000000474974513
62,0.7618957161903381,0.5414952635765076,0.7630630731582642,0.5576969981193542,0.0010000000474974513
63,0.764928936958313,0.5444080829620361,0.7585585713386536,0.5509907603263855,0.0010000000474974513
64,0.7675829529762268,0.5423699021339417,0.7639639377593994,0.5592274069786072,0.0010000000474974513
65,0.7656872272491455,0.5313838720321655,0.7621621489524841,0.5660482048988342,0.0010000000474974513
66,0.7672038078308105,0.5431482791900635,0.7576576471328735,0.5661049485206604,0.0010000000474974513
67,0.7698578238487244,0.5372455716133118,0.7576576471328735,0.5644587278366089,0.0010000000474974513
68,0.7685307860374451,0.5419842004776001,0.7576576471328735,0.5634093880653381,0.0010000000474974513
69,0.76701420545578,0.5328470468521118,0.7567567825317383,0.570673406124115,0.0010000000474974513
70,0.7681516408920288,0.5424333810806274,0.7585585713386536,0.5664682984352112,0.0010000000474974513
71,0.7685307860374451,0.5351036787033081,0.7567567825317383,0.5569111704826355,0.0010000000474974513
72,0.7641705870628357,0.5334849953651428,0.7639639377593994,0.5587058067321777,0.0010000000474974513
73,0.7698578238487244,0.5305454134941101,0.7567567825317383,0.5609065890312195,0.0010000000474974513
74,0.7677724957466125,0.540867805480957,0.7603603601455688,0.5667564868927002,0.0010000000474974513
75,0.7698578238487244,0.5315067172050476,0.7630630731582642,0.5597362518310547,0.0010000000474974513
76,0.7683412432670593,0.5332943201065063,0.7621621489524841,0.5509627461433411,0.0010000000474974513
77,0.7723222970962524,0.5315514206886292,0.7630630731582642,0.5607249140739441,0.0010000000474974513
78,0.7681516408920288,0.5322639346122742,0.7639639377593994,0.5579906702041626,0.0010000000474974513
79,0.7719431519508362,0.5268507599830627,0.7675675749778748,0.5635849237442017,0.0010000000474974513
80,0.7675829529762268,0.5325867533683777,0.7630630731582642,0.5513128042221069,0.0010000000474974513
81,0.7694786787033081,0.532699704170227,0.7558558583259583,0.5634331107139587,0.0010000000474974513
82,0.7675829529762268,0.5409036874771118,0.7612612843513489,0.5620617270469666,0.0010000000474974513
83,0.7647393345832825,0.5308287739753723,0.7612612843513489,0.5652927756309509,0.0010000000474974513
84,0.7651184797286987,0.5328195095062256,0.7576576471328735,0.5525041222572327,0.0010000000474974513
85,0.7636018991470337,0.5353025197982788,0.7621621489524841,0.5556358098983765,0.0010000000474974513
86,0.766445517539978,0.5315375924110413,0.7594594359397888,0.5623337626457214,0.0010000000474974513
87,0.7706161141395569,0.5339385271072388,0.754054069519043,0.5756822824478149,0.0010000000474974513
88,0.7658767700195312,0.5333214998245239,0.7648648619651794,0.5560362935066223,0.0010000000474974513
89,0.7685307860374451,0.5296158790588379,0.7594594359397888,0.5570862889289856,0.0010000000474974513
90,0.7673933506011963,0.530081570148468,0.7576576471328735,0.5542209148406982,0.0010000000474974513
91,0.7719431519508362,0.5278833508491516,0.7522522807121277,0.5497094988822937,0.0010000000474974513
92,0.7689099311828613,0.5257061123847961,0.7630630731582642,0.5566537976264954,0.0010000000474974513
93,0.7679620981216431,0.5306439995765686,0.7621621489524841,0.5624017119407654,0.0010000000474974513
94,0.7719431519508362,0.5227020382881165,0.7594594359397888,0.565319836139679,0.0010000000474974513
95,0.7702369689941406,0.5311697125434875,0.7621621489524841,0.5604990720748901,0.0010000000474974513
96,0.7683412432670593,0.5316400527954102,0.76846843957901,0.5575598478317261,0.0010000000474974513
97,0.7683412432670593,0.5267009735107422,0.7747747898101807,0.5455719828605652,0.0010000000474974513
98,0.7690995335578918,0.5301039814949036,0.7576576471328735,0.5658567547798157,0.0010000000474974513
99,0.7711848616600037,0.5267476439476013,0.7558558583259583,0.5669112205505371,0.0010000000474974513
100,0.7709952592849731,0.520161509513855,0.7576576471328735,0.5541747212409973,0.0010000000474974513
101,0.7721326947212219,0.5208885073661804,0.7558558583259583,0.5701637268066406,0.0010000000474974513
102,0.7700473666191101,0.5262480974197388,0.7594594359397888,0.565544068813324,0.0010000000474974513
103,0.7702369689941406,0.5275028944015503,0.7612612843513489,0.5681862831115723,0.0010000000474974513
104,0.7709952592849731,0.5257917046546936,0.7612612843513489,0.5597864389419556,0.0010000000474974513
105,0.7747867107391357,0.5208051800727844,0.7639639377593994,0.5569300651550293,0.0010000000474974513
106,0.7683412432670593,0.5265995264053345,0.7531531453132629,0.5736901760101318,0.0010000000474974513
107,0.7660663723945618,0.531532883644104,0.7504504323005676,0.5956304669380188,0.0010000000474974513
108,0.7694786787033081,0.5272886753082275,0.7576576471328735,0.5584653615951538,0.0010000000474974513
109,0.7719431519508362,0.5209770202636719,0.7558558583259583,0.5681041479110718,0.0010000000474974513
110,0.7679620981216431,0.5212221741676331,0.7522522807121277,0.5612388253211975,0.0010000000474974513
111,0.7723222970962524,0.5210644602775574,0.7603603601455688,0.5714661478996277,0.0010000000474974513
112,0.766445517539978,0.5212223529815674,0.7666666507720947,0.5708096027374268,0.0010000000474974513
113,0.7753554582595825,0.5150490403175354,0.7612612843513489,0.5796564817428589,0.0010000000474974513
114,0.7742180228233337,0.5141022801399231,0.7657657861709595,0.5682799220085144,0.0010000000474974513
115,0.7728909850120544,0.5175501108169556,0.7549549341201782,0.5518772006034851,0.0010000000474974513
116,0.7715640068054199,0.521685779094696,0.7603603601455688,0.560975968837738,0.0010000000474974513
117,0.7721326947212219,0.5203344225883484,0.7603603601455688,0.5530517101287842,0.0010000000474974513
118,0.7763032913208008,0.5213441252708435,0.7639639377593994,0.5659835934638977,0.0010000000474974513
119,0.7763032913208008,0.5171797871589661,0.7567567825317383,0.5642462372779846,0.0010000000474974513
120,0.7763032913208008,0.5130652785301208,0.7549549341201782,0.5749550461769104,0.0010000000474974513
121,0.7734597325325012,0.5193928480148315,0.7531531453132629,0.5596189498901367,0.0010000000474974513
122,0.7742180228233337,0.5127009749412537,0.7531531453132629,0.5650149583816528,0.0010000000474974513
123,0.7677724957466125,0.5189016461372375,0.7594594359397888,0.570920467376709,0.0010000000474974513
124,0.7696682214736938,0.5174131393432617,0.7585585713386536,0.571087658405304,0.0010000000474974513
125,0.7702369689941406,0.5169001221656799,0.7549549341201782,0.5569007396697998,0.0010000000474974513
126,0.7723222970962524,0.5128257274627686,0.7522522807121277,0.5739410519599915,0.0010000000474974513
127,0.7696682214736938,0.5179845094680786,0.7576576471328735,0.5677730441093445,0.0010000000474974513
128,0.7713744044303894,0.5198365449905396,0.7639639377593994,0.5711454749107361,0.0010000000474974513
129,0.773080587387085,0.5187796950340271,0.7549549341201782,0.570039689540863,0.0010000000474974513
130,0.7685307860374451,0.5227458477020264,0.7558558583259583,0.5687288045883179,0.0010000000474974513
131,0.7689099311828613,0.5222365260124207,0.7567567825317383,0.5650202631950378,0.0010000000474974513
132,0.7711848616600037,0.5161752700805664,0.7657657861709595,0.5473153591156006,0.0010000000474974513
133,0.773649275302887,0.5197914242744446,0.7612612843513489,0.5718255043029785,0.0010000000474974513
134,0.7740284204483032,0.5229089260101318,0.7657657861709595,0.5591516494750977,0.0010000000474974513
135,0.7677724957466125,0.5203399062156677,0.7576576471328735,0.5626392364501953,0.0010000000474974513
136,0.7740284204483032,0.5164387226104736,0.7603603601455688,0.5519205927848816,0.0010000000474974513
137,0.7795260548591614,0.5130130648612976,0.7576576471328735,0.5545626878738403,0.0010000000474974513
138,0.7721326947212219,0.5171050429344177,0.7648648619651794,0.5544790029525757,0.0010000000474974513
139,0.7740284204483032,0.5132558941841125,0.7612612843513489,0.5677832961082458,0.0010000000474974513
140,0.7734597325325012,0.5230252742767334,0.7585585713386536,0.5644164085388184,0.0010000000474974513
141,0.7764928936958313,0.5146040320396423,0.7549549341201782,0.5569665431976318,0.0010000000474974513
142,0.7749763131141663,0.518104076385498,0.7603603601455688,0.5485018491744995,0.0010000000474974513
143,0.7725118398666382,0.522327721118927,0.7558558583259583,0.5597548484802246,0.0010000000474974513
144,0.7749763131141663,0.5230451822280884,0.7594594359397888,0.5488125681877136,0.0010000000474974513
145,0.7778199315071106,0.5145992636680603,0.7567567825317383,0.5521416068077087,0.0010000000474974513
146,0.7755450010299683,0.5122154355049133,0.7549549341201782,0.5602624416351318,0.0010000000474974513
147,0.7717535495758057,0.5156208872795105,0.7522522807121277,0.5658516883850098,0.0010000000474974513
148,0.775165855884552,0.5104177594184875,0.7576576471328735,0.5678275227546692,0.0010000000474974513
149,0.7744075655937195,0.5135496854782104,0.7531531453132629,0.5571558475494385,0.0010000000474974513
150,0.7810426354408264,0.5085170269012451,0.7639639377593994,0.5743625164031982,0.0010000000474974513
151,0.7740284204483032,0.5071107149124146,0.7531531453132629,0.5679389238357544,0.0010000000474974513
152,0.7687203884124756,0.5157556533813477,0.7594594359397888,0.5633955001831055,0.0010000000474974513
153,0.7677724957466125,0.5171084403991699,0.754054069519043,0.5751408934593201,0.0010000000474974513
154,0.7715640068054199,0.5173457860946655,0.7549549341201782,0.5606247186660767,0.0010000000474974513
155,0.7759241461753845,0.5117099285125732,0.7567567825317383,0.5541861653327942,0.0010000000474974513
156,0.7704265117645264,0.5171692371368408,0.7558558583259583,0.5712268948554993,0.0010000000474974513
157,0.7759241461753845,0.5125119090080261,0.7585585713386536,0.5701881051063538,0.0010000000474974513
158,0.7717535495758057,0.5115082859992981,0.7531531453132629,0.5660300254821777,0.0010000000474974513
159,0.7702369689941406,0.5164432525634766,0.7513513565063477,0.5688421130180359,0.0010000000474974513
160,0.7690995335578918,0.5144127607345581,0.7621621489524841,0.5537986159324646,0.0010000000474974513
161,0.7785782217979431,0.5105747580528259,0.7603603601455688,0.5593290328979492,0.0010000000474974513
162,0.773649275302887,0.5124895572662354,0.7648648619651794,0.5637544393539429,0.0010000000474974513
163,0.7749763131141663,0.5134655833244324,0.7576576471328735,0.5570945143699646,0.0010000000474974513
164,0.7713744044303894,0.5132157206535339,0.754054069519043,0.5637961626052856,0.0010000000474974513
165,0.7706161141395569,0.5121334195137024,0.7567567825317383,0.5677376985549927,0.0010000000474974513
166,0.7742180228233337,0.5114660263061523,0.7594594359397888,0.5587865710258484,0.0010000000474974513
167,0.7689099311828613,0.5195267796516418,0.7612612843513489,0.5712547302246094,0.0010000000474974513
168,0.7727014422416687,0.5134715437889099,0.754054069519043,0.5582659244537354,0.0010000000474974513
169,0.7738388776779175,0.5156878232955933,0.7486486434936523,0.5711349844932556,0.0010000000474974513
170,0.7747867107391357,0.5082032680511475,0.7504504323005676,0.5646243691444397,0.0010000000474974513
171,0.7742180228233337,0.514119029045105,0.7558558583259583,0.5639674663543701,0.0010000000474974513
172,0.7783886194229126,0.5033981800079346,0.7603603601455688,0.5572070479393005,0.0010000000474974513
173,0.7709952592849731,0.5129405856132507,0.7603603601455688,0.5614896416664124,0.0010000000474974513
174,0.7717535495758057,0.5126185417175293,0.7630630731582642,0.5629661083221436,0.0010000000474974513
175,0.7704265117645264,0.5109062194824219,0.7567567825317383,0.556111752986908,0.0010000000474974513
176,0.7747867107391357,0.5122829079627991,0.7594594359397888,0.5655044317245483,0.0010000000474974513
177,0.7806634902954102,0.5083694458007812,0.7621621489524841,0.5585470199584961,0.0010000000474974513
178,0.7711848616600037,0.513832151889801,0.7603603601455688,0.5666559934616089,0.0010000000474974513
179,0.7768720388412476,0.5103597640991211,0.7594594359397888,0.5488132238388062,0.0010000000474974513
180,0.776682436466217,0.5128727555274963,0.7594594359397888,0.5517327785491943,0.0010000000474974513
181,0.7747867107391357,0.5146352052688599,0.7567567825317383,0.5668179988861084,0.0010000000474974513
182,0.7734597325325012,0.5063129663467407,0.7648648619651794,0.5563851594924927,0.0010000000474974513
183,0.7708057165145874,0.5159428715705872,0.7576576471328735,0.5551232099533081,0.0010000000474974513
184,0.7759241461753845,0.5087858438491821,0.7558558583259583,0.5613482594490051,0.0010000000474974513
185,0.7759241461753845,0.5067101716995239,0.7585585713386536,0.5622737407684326,0.0010000000474974513
186,0.7732701301574707,0.5097750425338745,0.7576576471328735,0.5609340071678162,0.0010000000474974513
187,0.7776303291320801,0.5009727478027344,0.7567567825317383,0.5603691339492798,0.0010000000474974513
188,0.7759241461753845,0.5005026459693909,0.7630630731582642,0.5583896636962891,0.0010000000474974513
189,0.7753554582595825,0.5024738907814026,0.7567567825317383,0.5603733658790588,0.0010000000474974513
190,0.7772511839866638,0.5032508969306946,0.7558558583259583,0.5687157511711121,0.0010000000474974513
191,0.77459716796875,0.49706363677978516,0.7648648619651794,0.5660103559494019,0.0010000000474974513
192,0.773649275302887,0.5015147924423218,0.7630630731582642,0.5632975101470947,0.0010000000474974513
193,0.7768720388412476,0.5044812560081482,0.7585585713386536,0.573344886302948,0.0010000000474974513
194,0.776682436466217,0.5098421573638916,0.7576576471328735,0.5773586630821228,0.0010000000474974513
195,0.7793365120887756,0.4981561005115509,0.7657657861709595,0.5599003434181213,0.0010000000474974513
196,0.7763032913208008,0.5047442317008972,0.7567567825317383,0.5654963850975037,0.0010000000474974513
197,0.7738388776779175,0.5046624541282654,0.7585585713386536,0.5696188807487488,0.0010000000474974513
198,0.7742180228233337,0.5078867077827454,0.7675675749778748,0.5502686500549316,0.0010000000474974513
199,0.7753554582595825,0.5158208012580872,0.7531531453132629,0.5677086710929871,0.0010000000474974513
200,0.7717535495758057,0.5160543918609619,0.7657657861709595,0.5549944639205933,0.0010000000474974513
201,0.7793365120887756,0.5030165314674377,0.7594594359397888,0.5570988059043884,0.0010000000474974513
202,0.7717535495758057,0.510416567325592,0.7576576471328735,0.5566979050636292,0.0010000000474974513
203,0.7725118398666382,0.5066333413124084,0.7522522807121277,0.5661264061927795,0.0010000000474974513
204,0.7732701301574707,0.510234534740448,0.7567567825317383,0.5603162050247192,0.0010000000474974513
205,0.7776303291320801,0.5038627982139587,0.7504504323005676,0.5657274723052979,0.0010000000474974513
206,0.7757346034049988,0.5057175159454346,0.7558558583259583,0.5720286965370178,0.0010000000474974513
207,0.7770615816116333,0.5093111991882324,0.7585585713386536,0.5685673356056213,0.0010000000474974513
208,0.7744075655937195,0.5070222616195679,0.7612612843513489,0.5634903311729431,0.0010000000474974513
209,0.7721326947212219,0.5091608762741089,0.7612612843513489,0.5669476389884949,0.0010000000474974513
210,0.7732701301574707,0.509510338306427,0.7558558583259583,0.5791271924972534,0.0010000000474974513
211,0.7747867107391357,0.5107473731040955,0.7513513565063477,0.5771849751472473,0.0010000000474974513
212,0.7721326947212219,0.5034921765327454,0.7576576471328735,0.5661942958831787,0.0010000000474974513
213,0.7742180228233337,0.5060746073722839,0.7612612843513489,0.5779273509979248,0.0010000000474974513
214,0.7774407863616943,0.49913138151168823,0.7567567825317383,0.5671517848968506,0.0010000000474974513
215,0.7797156572341919,0.5047944784164429,0.7594594359397888,0.5658336877822876,0.0010000000474974513
216,0.7781990766525269,0.5011221766471863,0.7558558583259583,0.5748211145401001,0.0010000000474974513
217,0.7763032913208008,0.5041693449020386,0.7477477192878723,0.5911322236061096,0.0010000000474974513
218,0.7795260548591614,0.4973466694355011,0.7531531453132629,0.5831756591796875,0.0010000000474974513
219,0.7795260548591614,0.5039160847663879,0.7558558583259583,0.5588666796684265,0.0010000000474974513
220,0.7781990766525269,0.5054069757461548,0.7531531453132629,0.5655116438865662,0.0010000000474974513
221,0.7677724957466125,0.5130341053009033,0.7567567825317383,0.5637003779411316,0.0010000000474974513
222,0.773649275302887,0.5060839056968689,0.7576576471328735,0.5627289414405823,0.0010000000474974513
223,0.7793365120887756,0.4978269338607788,0.7648648619651794,0.5668299794197083,0.0005000000237487257
224,0.7783886194229126,0.49437177181243896,0.7621621489524841,0.5674283504486084,0.0005000000237487257
225,0.7778199315071106,0.49487143754959106,0.7594594359397888,0.5763781666755676,0.0005000000237487257
226,0.7797156572341919,0.49060213565826416,0.7567567825317383,0.5683442950248718,0.0005000000237487257
227,0.7764928936958313,0.490263432264328,0.7549549341201782,0.5694473385810852,0.0005000000237487257
228,0.7780094742774963,0.4886232316493988,0.7612612843513489,0.5717807412147522,0.0005000000237487257
229,0.7810426354408264,0.49396201968193054,0.7585585713386536,0.5765953063964844,0.0005000000237487257
230,0.78521329164505,0.4957294166088104,0.7603603601455688,0.5737581253051758,0.0005000000237487257
231,0.7793365120887756,0.49225401878356934,0.7522522807121277,0.5720078349113464,0.0005000000237487257
232,0.7772511839866638,0.49321669340133667,0.7567567825317383,0.5674834847450256,0.0005000000237487257
233,0.7778199315071106,0.4898843765258789,0.7567567825317383,0.5728756785392761,0.0005000000237487257
234,0.7821800708770752,0.484639048576355,0.7576576471328735,0.5788213610649109,0.0005000000237487257
235,0.7829383611679077,0.49030017852783203,0.7504504323005676,0.5769771933555603,0.0005000000237487257
236,0.783696711063385,0.4907401502132416,0.7558558583259583,0.586679995059967,0.0005000000237487257
237,0.7797156572341919,0.48910588026046753,0.754054069519043,0.58102947473526,0.0005000000237487257
238,0.7810426354408264,0.4898410737514496,0.7585585713386536,0.5794541835784912,0.0005000000237487257
239,0.7819905281066895,0.4838905930519104,0.7612612843513489,0.5802841782569885,0.0005000000237487257
240,0.7778199315071106,0.49162039160728455,0.7603603601455688,0.5719707012176514,0.0005000000237487257
241,0.7800948023796082,0.4870072305202484,0.7513513565063477,0.5801849961280823,0.0005000000237487257
242,0.7763032913208008,0.49484384059906006,0.7549549341201782,0.5660209059715271,0.0005000000237487257
243,0.7780094742774963,0.49297019839286804,0.7594594359397888,0.5750210285186768,0.0005000000237487257
244,0.784265398979187,0.4796474575996399,0.7594594359397888,0.5711455941200256,0.0005000000237487257
245,0.7802843451499939,0.48393550515174866,0.7576576471328735,0.5639318227767944,0.0005000000237487257
246,0.7812322378158569,0.48345986008644104,0.7558558583259583,0.5641418695449829,0.0005000000237487257
247,0.7810426354408264,0.4917425513267517,0.7558558583259583,0.5748807787895203,0.0005000000237487257
248,0.7776303291320801,0.48879730701446533,0.7594594359397888,0.5779701471328735,0.0005000000237487257
249,0.7802843451499939,0.4842768907546997,0.7549549341201782,0.5735703706741333,0.0005000000237487257
250,0.78521329164505,0.4874304234981537,0.7558558583259583,0.5741956830024719,0.0005000000237487257
251,0.7795260548591614,0.4902203381061554,0.7603603601455688,0.5717955231666565,0.0005000000237487257
252,0.7819905281066895,0.49672406911849976,0.7549549341201782,0.5818053483963013,0.0005000000237487257
253,0.783696711063385,0.4895765483379364,0.7603603601455688,0.5719226598739624,0.0005000000237487257
254,0.7838862538337708,0.4843083620071411,0.7576576471328735,0.5724205374717712,0.0005000000237487257
255,0.7787677645683289,0.4868192672729492,0.7585585713386536,0.5786902904510498,0.0005000000237487257
256,0.7865402698516846,0.486807256937027,0.7594594359397888,0.577846109867096,0.0005000000237487257
257,0.7882464528083801,0.48446720838546753,0.7567567825317383,0.5778037905693054,0.0005000000237487257
258,0.7814217805862427,0.4836430549621582,0.7603603601455688,0.5777014493942261,0.0005000000237487257
259,0.7806634902954102,0.48946765065193176,0.7594594359397888,0.5774284601211548,0.0005000000237487257
260,0.7821800708770752,0.48920708894729614,0.7558558583259583,0.5784406065940857,0.0005000000237487257
261,0.7804739475250244,0.48520442843437195,0.7603603601455688,0.5735096335411072,0.0005000000237487257
262,0.784265398979187,0.4849167764186859,0.7522522807121277,0.5894820690155029,0.0005000000237487257
263,0.7838862538337708,0.4812605082988739,0.7612612843513489,0.5722509026527405,0.0005000000237487257
264,0.7812322378158569,0.4834446609020233,0.7585585713386536,0.5784231424331665,0.0005000000237487257
265,0.7800948023796082,0.48934513330459595,0.7531531453132629,0.5727471709251404,0.0005000000237487257
266,0.7825592160224915,0.48353496193885803,0.7522522807121277,0.5746454000473022,0.0005000000237487257
267,0.7778199315071106,0.4906187951564789,0.754054069519043,0.5737090706825256,0.0005000000237487257
268,0.7778199315071106,0.49060073494911194,0.7513513565063477,0.5727540254592896,0.0005000000237487257
269,0.7800948023796082,0.49180886149406433,0.7576576471328735,0.5783016681671143,0.0005000000237487257
270,0.7835071086883545,0.48548924922943115,0.7576576471328735,0.5741755366325378,0.0005000000237487257
271,0.7821800708770752,0.4872922897338867,0.7567567825317383,0.5756679773330688,0.0005000000237487257
272,0.7797156572341919,0.48579537868499756,0.7585585713386536,0.5759458541870117,0.0005000000237487257
273,0.783696711063385,0.4897983968257904,0.7549549341201782,0.587726354598999,0.0005000000237487257
274,0.7878673076629639,0.4835502803325653,0.7549549341201782,0.5701982975006104,0.0005000000237487257
275,0.7829383611679077,0.4894283711910248,0.7558558583259583,0.5680896639823914,0.0005000000237487257
276,0.7829383611679077,0.4899500608444214,0.7576576471328735,0.5706495046615601,0.0005000000237487257
277,0.7901421785354614,0.47845327854156494,0.7504504323005676,0.579020619392395,0.0005000000237487257
278,0.7825592160224915,0.4902084171772003,0.7558558583259583,0.5780841112136841,0.0005000000237487257
279,0.7819905281066895,0.4920058846473694,0.7468468546867371,0.574573278427124,0.0005000000237487257
280,0.7772511839866638,0.4900001287460327,0.7513513565063477,0.5760003328323364,0.0005000000237487257
281,0.7812322378158569,0.48980215191841125,0.7576576471328735,0.5776907801628113,0.0005000000237487257
282,0.7861611247062683,0.48413577675819397,0.7567567825317383,0.5780448317527771,0.0005000000237487257
283,0.785781979560852,0.48578810691833496,0.7567567825317383,0.5772168636322021,0.0005000000237487257
284,0.7806634902954102,0.4867461025714874,0.7594594359397888,0.5704900026321411,0.0005000000237487257
285,0.7865402698516846,0.48141250014305115,0.7621621489524841,0.5686767101287842,0.0005000000237487257
286,0.78521329164505,0.48619362711906433,0.7612612843513489,0.577521026134491,0.0005000000237487257
287,0.7812322378158569,0.4885053038597107,0.7612612843513489,0.5703734755516052,0.0005000000237487257
288,0.7838862538337708,0.48641887307167053,0.7621621489524841,0.5753634572029114,0.0005000000237487257
289,0.783696711063385,0.4826916456222534,0.7531531453132629,0.5793752074241638,0.0005000000237487257
290,0.7865402698516846,0.48020416498184204,0.7594594359397888,0.5790141820907593,0.0005000000237487257
291,0.78521329164505,0.4805975556373596,0.7567567825317383,0.5832757353782654,0.0005000000237487257
292,0.7844550013542175,0.4845322072505951,0.7621621489524841,0.5723311305046082,0.0005000000237487257
293,0.7808530926704407,0.48608893156051636,0.7531531453132629,0.5832493305206299,0.0005000000237487257
294,0.7848341464996338,0.47573986649513245,0.7576576471328735,0.5661773681640625,0.0005000000237487257
295,0.7872985601425171,0.4852140545845032,0.754054069519043,0.568556010723114,0.0005000000237487257
296,0.782748818397522,0.4832284450531006,0.7585585713386536,0.5698750019073486,0.0005000000237487257
297,0.7859715819358826,0.4876018166542053,0.7594594359397888,0.5853651762008667,0.0005000000237487257
298,0.7876777052879333,0.47734901309013367,0.7558558583259583,0.5846943855285645,0.0005000000237487257
299,0.783317506313324,0.48602086305618286,0.7594594359397888,0.5744941234588623,0.0005000000237487257
300,0.783696711063385,0.4799468219280243,0.7531531453132629,0.5765764117240906,0.0005000000237487257
301,0.7867298722267151,0.4810144305229187,0.7576576471328735,0.5714662671089172,0.0005000000237487257
302,0.782748818397522,0.4858371615409851,0.7594594359397888,0.574273943901062,0.0005000000237487257
303,0.7872985601425171,0.4879240095615387,0.7621621489524841,0.5727879405021667,0.0005000000237487257
304,0.7840758562088013,0.48194873332977295,0.754054069519043,0.5805589556694031,0.0005000000237487257
305,0.7818009257316589,0.48375505208969116,0.7621621489524841,0.5759919285774231,0.0005000000237487257
306,0.7846445441246033,0.4834427833557129,0.7576576471328735,0.5820536613464355,0.0005000000237487257
307,0.784265398979187,0.47781750559806824,0.7594594359397888,0.5740317702293396,0.0005000000237487257
308,0.7886255979537964,0.4786340296268463,0.7567567825317383,0.5758562088012695,0.0005000000237487257
309,0.783696711063385,0.48162397742271423,0.7558558583259583,0.5742785930633545,0.0005000000237487257
310,0.7835071086883545,0.4834212064743042,0.7567567825317383,0.5788353085517883,0.0005000000237487257
311,0.7799052000045776,0.48175162076950073,0.7558558583259583,0.5748521685600281,0.0005000000237487257
312,0.7867298722267151,0.4807700514793396,0.7558558583259583,0.5746574997901917,0.0005000000237487257
313,0.7829383611679077,0.4845335781574249,0.7576576471328735,0.5841798782348633,0.0005000000237487257
314,0.7835071086883545,0.4833831787109375,0.7675675749778748,0.5739255547523499,0.0005000000237487257
315,0.7888151407241821,0.47844448685646057,0.7639639377593994,0.5777463912963867,0.0005000000237487257
316,0.7848341464996338,0.4776815176010132,0.7603603601455688,0.5819663405418396,0.0005000000237487257
317,0.7854028344154358,0.4818539023399353,0.7567567825317383,0.5802496075630188,0.0005000000237487257
318,0.7867298722267151,0.47322219610214233,0.7621621489524841,0.5753156542778015,0.0005000000237487257
319,0.7861611247062683,0.4761461019515991,0.7612612843513489,0.5772055983543396,0.0005000000237487257
320,0.784265398979187,0.4862518012523651,0.7666666507720947,0.5732812881469727,0.0005000000237487257
321,0.784265398979187,0.4824322462081909,0.7558558583259583,0.5844218730926514,0.0005000000237487257
322,0.7799052000045776,0.482053279876709,0.7567567825317383,0.5793819427490234,0.0005000000237487257
323,0.7872985601425171,0.47918644547462463,0.7612612843513489,0.5822046399116516,0.0005000000237487257
324,0.7829383611679077,0.48157092928886414,0.7585585713386536,0.5812830328941345,0.0005000000237487257
325,0.7861611247062683,0.4814799427986145,0.7621621489524841,0.5760586857795715,0.0005000000237487257
326,0.7840758562088013,0.4808272421360016,0.7603603601455688,0.5775360465049744,0.0005000000237487257
327,0.7840758562088013,0.48224928975105286,0.7621621489524841,0.5766794085502625,0.0005000000237487257
328,0.7871090173721313,0.4834131896495819,0.7603603601455688,0.5732780694961548,0.0005000000237487257
329,0.7838862538337708,0.47961387038230896,0.7567567825317383,0.5751113295555115,0.0005000000237487257
330,0.7844550013542175,0.47982680797576904,0.7594594359397888,0.5769121050834656,0.0005000000237487257
331,0.7835071086883545,0.47894287109375,0.7549549341201782,0.5777894258499146,0.0005000000237487257
332,0.7812322378158569,0.48367244005203247,0.7549549341201782,0.5762087106704712,0.0005000000237487257
333,0.7844550013542175,0.47810083627700806,0.7648648619651794,0.5747893452644348,0.0005000000237487257
334,0.785781979560852,0.4788481295108795,0.7621621489524841,0.5783520340919495,0.0005000000237487257
335,0.7795260548591614,0.4818735718727112,0.7612612843513489,0.5735014081001282,0.0005000000237487257
336,0.7838862538337708,0.4808328151702881,0.7639639377593994,0.5773968696594238,0.0005000000237487257
337,0.7871090173721313,0.48122042417526245,0.7603603601455688,0.5873732566833496,0.0005000000237487257
338,0.784265398979187,0.486494243144989,0.7576576471328735,0.5881791114807129,0.0005000000237487257
339,0.7800948023796082,0.47905707359313965,0.7576576471328735,0.5896415710449219,0.0005000000237487257
340,0.7884359955787659,0.4718283414840698,0.7585585713386536,0.5839290618896484,0.0005000000237487257
341,0.785781979560852,0.47806650400161743,0.7594594359397888,0.5906709432601929,0.0005000000237487257
342,0.7872985601425171,0.4789004623889923,0.7621621489524841,0.5869510173797607,0.0005000000237487257
343,0.7882464528083801,0.47168001532554626,0.7666666507720947,0.5687578320503235,0.0005000000237487257
344,0.7806634902954102,0.4864490032196045,0.7576576471328735,0.5785307288169861,0.0005000000237487257
345,0.7840758562088013,0.48208531737327576,0.7531531453132629,0.587666928768158,0.0005000000237487257
346,0.782748818397522,0.4800986349582672,0.7639639377593994,0.5734023451805115,0.0005000000237487257
347,0.7863507270812988,0.4723782241344452,0.7567567825317383,0.5881016254425049,0.0005000000237487257
348,0.7861611247062683,0.47723907232284546,0.7549549341201782,0.5868438482284546,0.0002500000118743628
349,0.7901421785354614,0.4695805311203003,0.7585585713386536,0.5801690816879272,0.0002500000118743628
350,0.7810426354408264,0.48203620314598083,0.7576576471328735,0.5814163088798523,0.0002500000118743628
351,0.7855924367904663,0.4732825458049774,0.7558558583259583,0.5941202640533447,0.0002500000118743628
352,0.7865402698516846,0.4824596345424652,0.7585585713386536,0.587298572063446,0.0002500000118743628
353,0.7884359955787659,0.47453373670578003,0.7594594359397888,0.5831046104431152,0.0002500000118743628
354,0.785781979560852,0.475246399641037,0.7603603601455688,0.5885797142982483,0.0002500000118743628
355,0.7882464528083801,0.4732084572315216,0.7621621489524841,0.5874844193458557,0.0002500000118743628
356,0.785781979560852,0.478676974773407,0.7630630731582642,0.5830419659614563,0.0002500000118743628
357,0.7859715819358826,0.46953198313713074,0.7630630731582642,0.5874044299125671,0.0002500000118743628
358,0.7848341464996338,0.46704521775245667,0.7576576471328735,0.5899243950843811,0.0002500000118743628
359,0.7907109260559082,0.4747585356235504,0.7567567825317383,0.5859693884849548,0.0002500000118743628
360,0.7846445441246033,0.47340890765190125,0.7513513565063477,0.5852184891700745,0.0002500000118743628
361,0.7871090173721313,0.4740138053894043,0.7531531453132629,0.5851741433143616,0.0002500000118743628
362,0.7850236892700195,0.4725090265274048,0.7585585713386536,0.5849332213401794,0.0002500000118743628
363,0.7907109260559082,0.471375972032547,0.7576576471328735,0.5914222002029419,0.0002500000118743628
364,0.7869194149971008,0.4660579264163971,0.7594594359397888,0.5779395699501038,0.0002500000118743628
365,0.7840758562088013,0.4794965386390686,0.7576576471328735,0.5847052931785583,0.0002500000118743628
366,0.7831279635429382,0.4736092686653137,0.7558558583259583,0.5893768668174744,0.0002500000118743628
367,0.7867298722267151,0.4789469838142395,0.7612612843513489,0.58708655834198,0.0002500000118743628
368,0.7893838882446289,0.473264217376709,0.7639639377593994,0.58902508020401,0.0002500000118743628
369,0.7848341464996338,0.4685515761375427,0.7630630731582642,0.5833013653755188,0.0002500000118743628
370,0.7854028344154358,0.4749419689178467,0.7585585713386536,0.5830445289611816,0.0002500000118743628
371,0.7943127751350403,0.46258774399757385,0.7657657861709595,0.5775467157363892,0.0002500000118743628
372,0.7912796139717102,0.47226306796073914,0.7603603601455688,0.5938830971717834,0.0002500000118743628
373,0.7846445441246033,0.47464630007743835,0.7594594359397888,0.5897096991539001,0.0002500000118743628
374,0.7882464528083801,0.4654059410095215,0.7576576471328735,0.5816992521286011,0.0002500000118743628
375,0.7891942858695984,0.46534016728401184,0.7558558583259583,0.5837061405181885,0.0002500000118743628
376,0.7821800708770752,0.47910642623901367,0.7612612843513489,0.5828287601470947,0.0002500000118743628
377,0.7863507270812988,0.4719885289669037,0.7567567825317383,0.5856407880783081,0.0002500000118743628
378,0.784265398979187,0.47740867733955383,0.7612612843513489,0.5818469524383545,0.0002500000118743628
379,0.7929857969284058,0.46269261837005615,0.7621621489524841,0.5830938816070557,0.0002500000118743628
380,0.7907109260559082,0.46966612339019775,0.7603603601455688,0.5855106115341187,0.0002500000118743628
381,0.7840758562088013,0.4723453223705292,0.7594594359397888,0.5856781005859375,0.0002500000118743628
382,0.7880568504333496,0.47173047065734863,0.7594594359397888,0.5812196731567383,0.0002500000118743628
383,0.7890047430992126,0.47005122900009155,0.7576576471328735,0.5808077454566956,0.0002500000118743628
384,0.7897630333900452,0.46713191270828247,0.7576576471328735,0.5917332172393799,0.0002500000118743628
385,0.7956398129463196,0.46492642164230347,0.7612612843513489,0.5804138779640198,0.0002500000118743628
386,0.7880568504333496,0.47191762924194336,0.7639639377593994,0.5889407992362976,0.0002500000118743628
387,0.7890047430992126,0.46931836009025574,0.7621621489524841,0.5874953866004944,0.0002500000118743628
388,0.7872985601425171,0.47269073128700256,0.7621621489524841,0.5922496318817139,0.0002500000118743628
389,0.7912796139717102,0.4695075452327728,0.7639639377593994,0.5854969024658203,0.0002500000118743628
390,0.7874881625175476,0.47979363799095154,0.7594594359397888,0.5897784233093262,0.0002500000118743628
391,0.7859715819358826,0.47507187724113464,0.7585585713386536,0.582711398601532,0.0002500000118743628
392,0.7910900712013245,0.4690242111682892,0.7594594359397888,0.5835402607917786,0.0002500000118743628
393,0.7871090173721313,0.47111690044403076,0.7567567825317383,0.587357759475708,0.0002500000118743628
394,0.7935544848442078,0.4667624831199646,0.7549549341201782,0.588324785232544,0.0002500000118743628
395,0.7878673076629639,0.4681245982646942,0.7576576471328735,0.5856768488883972,0.0002500000118743628
396,0.7880568504333496,0.475468248128891,0.7549549341201782,0.580772340297699,0.0002500000118743628
397,0.7867298722267151,0.4685097932815552,0.7576576471328735,0.5809306502342224,0.0002500000118743628
398,0.7872985601425171,0.47517454624176025,0.7558558583259583,0.5819591879844666,0.0002500000118743628
399,0.7872985601425171,0.47244951128959656,0.7612612843513489,0.5895635485649109,0.0002500000118743628
400,0.7884359955787659,0.468583345413208,0.7639639377593994,0.5838661789894104,0.0002500000118743628
401,0.7903317809104919,0.4684523940086365,0.7612612843513489,0.58596271276474,0.0002500000118743628
402,0.7905213236808777,0.4629918336868286,0.7639639377593994,0.5954737067222595,0.0002500000118743628
403,0.7929857969284058,0.4695552587509155,0.7666666507720947,0.5886893272399902,0.0002500000118743628
404,0.7859715819358826,0.47208869457244873,0.7594594359397888,0.5869243144989014,0.0002500000118743628
405,0.7907109260559082,0.4697624444961548,0.7612612843513489,0.5868367552757263,0.0002500000118743628
406,0.7871090173721313,0.4755672812461853,0.7594594359397888,0.5858802199363708,0.0002500000118743628
407,0.7844550013542175,0.46829313039779663,0.7630630731582642,0.5865669250488281,0.0002500000118743628
408,0.7880568504333496,0.4718279242515564,0.7621621489524841,0.5870804786682129,0.0002500000118743628
409,0.7890047430992126,0.4662371277809143,0.7576576471328735,0.5844781994819641,0.0002500000118743628
410,0.7895734310150146,0.4675537943840027,0.7576576471328735,0.585254430770874,0.0002500000118743628
411,0.7863507270812988,0.4648006558418274,0.7585585713386536,0.5853576064109802,0.0002500000118743628
412,0.7903317809104919,0.4728793203830719,0.7504504323005676,0.5855071544647217,0.0002500000118743628
413,0.7905213236808777,0.4642394483089447,0.7585585713386536,0.5906339883804321,0.0002500000118743628
414,0.7899526357650757,0.4693746268749237,0.7603603601455688,0.5886865854263306,0.0002500000118743628
415,0.783317506313324,0.46921876072883606,0.7621621489524841,0.5909442901611328,0.0002500000118743628
416,0.7772511839866638,0.47369566559791565,0.7603603601455688,0.5914728045463562,0.0002500000118743628
417,0.793364942073822,0.4660611152648926,0.7612612843513489,0.5907472372055054,0.0002500000118743628
418,0.7869194149971008,0.4656940996646881,0.7558558583259583,0.5837424993515015,0.0002500000118743628
419,0.7863507270812988,0.4728517532348633,0.7612612843513489,0.5964575409889221,0.0002500000118743628
420,0.7907109260559082,0.4649626910686493,0.7576576471328735,0.5849006772041321,0.0002500000118743628
421,0.7867298722267151,0.47200796008110046,0.7576576471328735,0.5898789763450623,0.0002500000118743628
422,0.7945023775100708,0.46756711602211,0.7621621489524841,0.5913780927658081,0.0002500000118743628
423,0.7848341464996338,0.4671279788017273,0.7594594359397888,0.5878644585609436,0.0002500000118743628
424,0.7891942858695984,0.47056844830513,0.7639639377593994,0.5804488658905029,0.0002500000118743628
425,0.7910900712013245,0.46732163429260254,0.7603603601455688,0.5855744481086731,0.0002500000118743628
426,0.7895734310150146,0.4720280170440674,0.7621621489524841,0.5900464653968811,0.0002500000118743628
427,0.7903317809104919,0.46722137928009033,0.7630630731582642,0.5967941284179688,0.0002500000118743628
428,0.7846445441246033,0.4638659358024597,0.7603603601455688,0.5904496312141418,0.0002500000118743628
429,0.7872985601425171,0.4723396301269531,0.7603603601455688,0.5889633893966675,0.0002500000118743628
430,0.7855924367904663,0.4755738079547882,0.7594594359397888,0.5905761122703552,0.0002500000118743628
431,0.7880568504333496,0.46959465742111206,0.7585585713386536,0.5868647694587708,0.0002500000118743628
432,0.7905213236808777,0.4689141511917114,0.7594594359397888,0.59010249376297,0.0002500000118743628
433,0.7929857969284058,0.46840474009513855,0.7657657861709595,0.5875000357627869,0.0002500000118743628
434,0.7855924367904663,0.47271937131881714,0.7630630731582642,0.5851162075996399,0.0002500000118743628
435,0.7916587591171265,0.4693661630153656,0.7657657861709595,0.5874609351158142,0.0002500000118743628
436,0.7878673076629639,0.47088396549224854,0.7675675749778748,0.5965061783790588,0.0002500000118743628
437,0.7869194149971008,0.46564438939094543,0.7648648619651794,0.5907762050628662,0.0002500000118743628
438,0.7855924367904663,0.4661978483200073,0.7666666507720947,0.5873584747314453,0.0002500000118743628
439,0.7880568504333496,0.47369149327278137,0.7666666507720947,0.5892195105552673,0.0002500000118743628
440,0.7905213236808777,0.4678192138671875,0.7657657861709595,0.5840778946876526,0.0002500000118743628
441,0.7890047430992126,0.46732088923454285,0.7603603601455688,0.5970395803451538,0.0002500000118743628
442,0.7872985601425171,0.4745647609233856,0.7576576471328735,0.5866380929946899,0.0002500000118743628
443,0.7910900712013245,0.4684714376926422,0.7594594359397888,0.5896994471549988,0.0002500000118743628
444,0.7850236892700195,0.46732860803604126,0.7558558583259583,0.5909960865974426,0.0002500000118743628
445,0.7899526357650757,0.46708372235298157,0.7585585713386536,0.5913591980934143,0.0002500000118743628
446,0.7878673076629639,0.46026524901390076,0.7585585713386536,0.5823931097984314,0.0002500000118743628
447,0.7876777052879333,0.4672050476074219,0.7603603601455688,0.595926821231842,0.0002500000118743628
448,0.790900468826294,0.4709726870059967,0.7630630731582642,0.592577338218689,0.0002500000118743628
449,0.7893838882446289,0.46428894996643066,0.7612612843513489,0.5965657830238342,0.0002500000118743628
450,0.791848361492157,0.4720768332481384,0.7630630731582642,0.593049943447113,0.0002500000118743628
451,0.7878673076629639,0.4687071740627289,0.7594594359397888,0.5884997248649597,0.0002500000118743628
452,0.7867298722267151,0.4729301631450653,0.7576576471328735,0.5822997689247131,0.0002500000118743628
453,0.7914692163467407,0.4676699638366699,0.7594594359397888,0.5888890624046326,0.0002500000118743628
454,0.785781979560852,0.4693983793258667,0.7594594359397888,0.5912954807281494,0.0002500000118743628
455,0.7912796139717102,0.4671250283718109,0.7594594359397888,0.5857376456260681,0.0002500000118743628
456,0.793933629989624,0.46213746070861816,0.7558558583259583,0.5883686542510986,0.0002500000118743628
457,0.7878673076629639,0.47238489985466003,0.7612612843513489,0.5893492698669434,0.0002500000118743628
458,0.7901421785354614,0.47127729654312134,0.7585585713386536,0.5951913595199585,0.0002500000118743628
459,0.7876777052879333,0.46616655588150024,0.7657657861709595,0.5821115374565125,0.0002500000118743628
460,0.7888151407241821,0.47069039940834045,0.7639639377593994,0.5901013016700745,0.0002500000118743628
461,0.7874881625175476,0.46640267968177795,0.7576576471328735,0.5892117619514465,0.0002500000118743628
462,0.7910900712013245,0.46456462144851685,0.7594594359397888,0.5893457531929016,0.0002500000118743628
463,0.7897630333900452,0.46653756499290466,0.7576576471328735,0.5949199199676514,0.0002500000118743628
464,0.7910900712013245,0.45829638838768005,0.7612612843513489,0.581991970539093,0.0002500000118743628
465,0.7895734310150146,0.46419286727905273,0.7576576471328735,0.5906603336334229,0.0002500000118743628
466,0.7901421785354614,0.4610755145549774,0.7630630731582642,0.5926939249038696,0.0002500000118743628
467,0.7901421785354614,0.46447229385375977,0.7621621489524841,0.5924803018569946,0.0002500000118743628
468,0.7884359955787659,0.46831920742988586,0.7612612843513489,0.6004032492637634,0.0002500000118743628
469,0.791848361492157,0.46719878911972046,0.7603603601455688,0.5913865566253662,0.0002500000118743628
470,0.7863507270812988,0.4684452712535858,0.7639639377593994,0.5834439992904663,0.0002500000118743628
471,0.7848341464996338,0.46714773774147034,0.7594594359397888,0.5861198902130127,0.0002500000118743628
472,0.7865402698516846,0.46778902411460876,0.7639639377593994,0.5847426652908325,0.0002500000118743628
473,0.7899526357650757,0.4716280400753021,0.7594594359397888,0.5862621665000916,0.0001250000059371814
474,0.792417049407959,0.4586489200592041,0.7594594359397888,0.5875584483146667,0.0001250000059371814
475,0.7907109260559082,0.4621044099330902,0.7594594359397888,0.5890132188796997,0.0001250000059371814
476,0.7920379042625427,0.46120932698249817,0.7612612843513489,0.5937914252281189,0.0001250000059371814
477,0.7903317809104919,0.46295174956321716,0.7621621489524841,0.5924361348152161,0.0001250000059371814
478,0.7920379042625427,0.4623715281486511,0.7612612843513489,0.5959237813949585,0.0001250000059371814
479,0.7916587591171265,0.46321728825569153,0.7594594359397888,0.5930763483047485,0.0001250000059371814
480,0.7920379042625427,0.46696385741233826,0.7603603601455688,0.5919415354728699,0.0001250000059371814
481,0.7912796139717102,0.46666598320007324,0.7594594359397888,0.5917003154754639,0.0001250000059371814
482,0.7893838882446289,0.46366211771965027,0.7594594359397888,0.5917933583259583,0.0001250000059371814
483,0.7912796139717102,0.4616931080818176,0.7585585713386536,0.5880894660949707,0.0001250000059371814
484,0.790900468826294,0.46086081862449646,0.7567567825317383,0.5893247723579407,0.0001250000059371814
485,0.7910900712013245,0.45791158080101013,0.7594594359397888,0.5949174165725708,0.0001250000059371814
486,0.7937440872192383,0.4637473225593567,0.7585585713386536,0.5901025533676147,0.0001250000059371814
487,0.7926066517829895,0.4697591960430145,0.7603603601455688,0.5893114805221558,0.0001250000059371814
488,0.7920379042625427,0.459834486246109,0.7603603601455688,0.5870265364646912,0.0001250000059371814
489,0.7901421785354614,0.46225905418395996,0.7621621489524841,0.587817370891571,0.0001250000059371814
490,0.7931753396987915,0.45883840322494507,0.7612612843513489,0.5924168229103088,0.0001250000059371814
491,0.7935544848442078,0.462635338306427,0.7630630731582642,0.5878113508224487,0.0001250000059371814
492,0.7916587591171265,0.45900002121925354,0.7630630731582642,0.5888531804084778,0.0001250000059371814
493,0.791848361492157,0.46396368741989136,0.7594594359397888,0.5906480550765991,0.0001250000059371814
494,0.7954502105712891,0.46083179116249084,0.7603603601455688,0.590591311454773,0.0001250000059371814
495,0.78521329164505,0.4685254693031311,0.7594594359397888,0.594929039478302,0.0001250000059371814
496,0.7880568504333496,0.46316102147102356,0.7630630731582642,0.5917416214942932,0.0001250000059371814
497,0.7962085604667664,0.45579949021339417,0.7594594359397888,0.5954079031944275,0.0001250000059371814
498,0.7943127751350403,0.4692099094390869,0.7612612843513489,0.5934758186340332,0.0001250000059371814
499,0.7912796139717102,0.46206018328666687,0.7576576471328735,0.5940314531326294,0.0001250000059371814
500,0.7886255979537964,0.4632512629032135,0.7603603601455688,0.5934523940086365,0.0001250000059371814
501,0.7910900712013245,0.46543705463409424,0.7639639377593994,0.5941901206970215,0.0001250000059371814
502,0.7916587591171265,0.46472471952438354,0.7630630731582642,0.5941349864006042,0.0001250000059371814
503,0.7965877056121826,0.45392611622810364,0.7657657861709595,0.5974516272544861,0.0001250000059371814
504,0.7910900712013245,0.45882973074913025,0.7639639377593994,0.5893509984016418,0.0001250000059371814
505,0.7903317809104919,0.46777889132499695,0.7585585713386536,0.5903899669647217,0.0001250000059371814
506,0.790900468826294,0.4647168815135956,0.7576576471328735,0.593262791633606,0.0001250000059371814
507,0.792417049407959,0.46610555052757263,0.7612612843513489,0.6000760197639465,0.0001250000059371814
508,0.7931753396987915,0.4604886472225189,0.7567567825317383,0.5932781100273132,0.0001250000059371814
509,0.791848361492157,0.4673316180706024,0.7603603601455688,0.5989839434623718,0.0001250000059371814
510,0.7926066517829895,0.4594745635986328,0.7576576471328735,0.5954537987709045,0.0001250000059371814
511,0.7929857969284058,0.4622650146484375,0.7594594359397888,0.5905303359031677,0.0001250000059371814
512,0.7897630333900452,0.464078426361084,0.7621621489524841,0.5934187173843384,0.0001250000059371814
513,0.7876777052879333,0.46716657280921936,0.7576576471328735,0.5967416763305664,0.0001250000059371814
514,0.7920379042625427,0.456672340631485,0.7576576471328735,0.5933219790458679,0.0001250000059371814
515,0.7899526357650757,0.4657970666885376,0.7558558583259583,0.592810332775116,0.0001250000059371814
516,0.792417049407959,0.46100136637687683,0.7594594359397888,0.5937746167182922,0.0001250000059371814
517,0.7965877056121826,0.4601750075817108,0.7612612843513489,0.5937119126319885,0.0001250000059371814
518,0.7943127751350403,0.46557334065437317,0.7621621489524841,0.5908921957015991,0.0001250000059371814
519,0.7907109260559082,0.45940837264060974,0.7630630731582642,0.5907906889915466,0.0001250000059371814
520,0.7927961945533752,0.46436676383018494,0.7621621489524841,0.5940997004508972,0.0001250000059371814
521,0.7895734310150146,0.46512842178344727,0.7621621489524841,0.5943893790245056,0.0001250000059371814
522,0.7950710654258728,0.45375218987464905,0.7621621489524841,0.5963460803031921,0.0001250000059371814
523,0.7922275066375732,0.4577082395553589,0.7612612843513489,0.5959881544113159,0.0001250000059371814
524,0.7910900712013245,0.4618528187274933,0.7612612843513489,0.5968297123908997,0.0001250000059371814
525,0.7874881625175476,0.46547189354896545,0.7612612843513489,0.5935818552970886,0.0001250000059371814
526,0.7922275066375732,0.4617830812931061,0.7621621489524841,0.5996257066726685,0.0001250000059371814
527,0.7920379042625427,0.4650760889053345,0.7630630731582642,0.5949093103408813,0.0001250000059371814
528,0.7952606678009033,0.4677019417285919,0.7621621489524841,0.5966308116912842,0.0001250000059371814
529,0.7869194149971008,0.4723440408706665,0.7594594359397888,0.599323034286499,0.0001250000059371814
530,0.7897630333900452,0.4625050127506256,0.7585585713386536,0.59792160987854,0.0001250000059371814
531,0.7926066517829895,0.46291160583496094,0.7603603601455688,0.5960490107536316,0.0001250000059371814
532,0.7850236892700195,0.4622335433959961,0.7612612843513489,0.5999797582626343,0.0001250000059371814
533,0.7888151407241821,0.45897576212882996,0.7612612843513489,0.5973280668258667,0.0001250000059371814
534,0.7893838882446289,0.4702844023704529,0.7621621489524841,0.5985844731330872,0.0001250000059371814
535,0.7905213236808777,0.4636564254760742,0.7621621489524841,0.5945703387260437,0.0001250000059371814
536,0.7927961945533752,0.46647247672080994,0.7594594359397888,0.5968668460845947,0.0001250000059371814
537,0.7869194149971008,0.4593278765678406,0.7603603601455688,0.5960649847984314,0.0001250000059371814
538,0.7937440872192383,0.46084511280059814,0.7594594359397888,0.5959035158157349,0.0001250000059371814
539,0.7876777052879333,0.46388566493988037,0.7585585713386536,0.593579113483429,0.0001250000059371814
540,0.793933629989624,0.4614976644515991,0.7585585713386536,0.5937111377716064,0.0001250000059371814
541,0.7931753396987915,0.45982038974761963,0.7594594359397888,0.5946938991546631,0.0001250000059371814
542,0.7910900712013245,0.4631558656692505,0.7630630731582642,0.5890655517578125,0.0001250000059371814
543,0.7897630333900452,0.4572353959083557,0.7585585713386536,0.5953368544578552,0.0001250000059371814
544,0.793933629989624,0.4611211121082306,0.7594594359397888,0.5925965905189514,0.0001250000059371814
545,0.7954502105712891,0.4602712094783783,0.7603603601455688,0.5954650044441223,0.0001250000059371814
546,0.7929857969284058,0.4596373438835144,0.7603603601455688,0.5964524745941162,0.0001250000059371814
547,0.7914692163467407,0.4621976912021637,0.7594594359397888,0.5937860012054443,0.0001250000059371814
548,0.7872985601425171,0.46155449748039246,0.7603603601455688,0.591978907585144,0.0001250000059371814
549,0.7912796139717102,0.459078848361969,0.7576576471328735,0.5898488759994507,0.0001250000059371814
550,0.7948815226554871,0.4573599398136139,0.7630630731582642,0.5957470536231995,0.0001250000059371814
551,0.7890047430992126,0.4668310880661011,0.7603603601455688,0.5922674536705017,0.0001250000059371814
552,0.7914692163467407,0.456271767616272,0.7576576471328735,0.5987091064453125,0.0001250000059371814
553,0.7922275066375732,0.46308380365371704,0.7603603601455688,0.5946491956710815,0.0001250000059371814
554,0.7927961945533752,0.45900899171829224,0.7594594359397888,0.6004573702812195,0.0001250000059371814
555,0.7895734310150146,0.46582087874412537,0.7603603601455688,0.5920848846435547,0.0001250000059371814
556,0.7850236892700195,0.4631625711917877,0.7594594359397888,0.59385746717453,0.0001250000059371814
557,0.7910900712013245,0.463473379611969,0.7585585713386536,0.5949802994728088,0.0001250000059371814
558,0.7935544848442078,0.4618234932422638,0.7594594359397888,0.5957432389259338,0.0001250000059371814
559,0.7848341464996338,0.4648344814777374,0.7558558583259583,0.5937620997428894,0.0001250000059371814
560,0.7912796139717102,0.45756641030311584,0.7576576471328735,0.5915979743003845,0.0001250000059371814
561,0.790900468826294,0.460366427898407,0.7567567825317383,0.5911458730697632,0.0001250000059371814
562,0.7886255979537964,0.46234825253486633,0.7576576471328735,0.5892723202705383,0.0001250000059371814
563,0.7975355386734009,0.4588538110256195,0.7567567825317383,0.5911219120025635,0.0001250000059371814
564,0.7927961945533752,0.46397316455841064,0.7567567825317383,0.5919444561004639,0.0001250000059371814
565,0.7927961945533752,0.4669142961502075,0.7585585713386536,0.5972861051559448,0.0001250000059371814
566,0.7893838882446289,0.45711880922317505,0.7603603601455688,0.5995733141899109,0.0001250000059371814
567,0.790900468826294,0.46436819434165955,0.7585585713386536,0.5985715389251709,0.0001250000059371814
568,0.7907109260559082,0.4616129398345947,0.7576576471328735,0.593416690826416,0.0001250000059371814
569,0.7922275066375732,0.4628945589065552,0.7567567825317383,0.5903598070144653,0.0001250000059371814
570,0.791848361492157,0.46063897013664246,0.7594594359397888,0.5925102829933167,0.0001250000059371814
571,0.7899526357650757,0.45943376421928406,0.7558558583259583,0.5924916863441467,0.0001250000059371814
572,0.792417049407959,0.45945441722869873,0.7576576471328735,0.5962584614753723,0.0001250000059371814
573,0.7929857969284058,0.45982444286346436,0.7585585713386536,0.5916685461997986,0.0001250000059371814
574,0.7916587591171265,0.45714810490608215,0.7639639377593994,0.5929989218711853,0.0001250000059371814
575,0.7901421785354614,0.45869213342666626,0.7594594359397888,0.5968056321144104,0.0001250000059371814
576,0.7956398129463196,0.46771878004074097,0.7567567825317383,0.5924461483955383,0.0001250000059371814
577,0.7916587591171265,0.4658101201057434,0.7603603601455688,0.5947779417037964,0.0001250000059371814
578,0.7956398129463196,0.46168139576911926,0.7576576471328735,0.5925887823104858,0.0001250000059371814
579,0.7878673076629639,0.4651733636856079,0.7567567825317383,0.5967956781387329,0.0001250000059371814
580,0.7891942858695984,0.46659180521965027,0.7576576471328735,0.5971540212631226,0.0001250000059371814
581,0.7954502105712891,0.4576037526130676,0.7567567825317383,0.5933399200439453,0.0001250000059371814
582,0.7882464528083801,0.46350204944610596,0.7585585713386536,0.5981174111366272,0.0001250000059371814
583,0.790900468826294,0.4639299511909485,0.7567567825317383,0.5983794331550598,0.0001250000059371814
584,0.7905213236808777,0.46319103240966797,0.7585585713386536,0.591977596282959,0.0001250000059371814
585,0.793933629989624,0.46271488070487976,0.7594594359397888,0.592240571975708,0.0001250000059371814
586,0.791848361492157,0.45812082290649414,0.7576576471328735,0.6027573347091675,0.0001250000059371814
587,0.7899526357650757,0.4595775008201599,0.754054069519043,0.5983230471611023,0.0001250000059371814
588,0.7943127751350403,0.46105509996414185,0.7567567825317383,0.594796895980835,0.0001250000059371814
589,0.7899526357650757,0.46027079224586487,0.7567567825317383,0.5986462831497192,0.0001250000059371814
590,0.791848361492157,0.46202361583709717,0.7576576471328735,0.6004782915115356,0.0001250000059371814
591,0.785781979560852,0.45800817012786865,0.7567567825317383,0.5962701439857483,0.0001250000059371814
592,0.793933629989624,0.4612671136856079,0.7585585713386536,0.596502959728241,0.0001250000059371814
593,0.7907109260559082,0.45736703276634216,0.7567567825317383,0.5894397497177124,0.0001250000059371814
594,0.7926066517829895,0.4642793834209442,0.7576576471328735,0.5901650786399841,0.0001250000059371814
595,0.7948815226554871,0.46325844526290894,0.7549549341201782,0.593744158744812,0.0001250000059371814
596,0.7954502105712891,0.45924657583236694,0.7549549341201782,0.5959442853927612,0.0001250000059371814
597,0.7895734310150146,0.4564633071422577,0.7576576471328735,0.5927773118019104,0.0001250000059371814
598,0.7931753396987915,0.45138055086135864,0.7558558583259583,0.5980859994888306,6.25000029685907e-05
599,0.7950710654258728,0.4530738592147827,0.7558558583259583,0.5987440347671509,6.25000029685907e-05
600,0.7935544848442078,0.4552248418331146,0.7576576471328735,0.596291720867157,6.25000029685907e-05
601,0.7952606678009033,0.45741215348243713,0.7603603601455688,0.5950601696968079,6.25000029685907e-05
602,0.7905213236808777,0.4551340937614441,0.7603603601455688,0.5967878103256226,6.25000029685907e-05
603,0.7895734310150146,0.4551934003829956,0.7594594359397888,0.5963468551635742,6.25000029685907e-05
604,0.7910900712013245,0.45741894841194153,0.7594594359397888,0.5985043048858643,6.25000029685907e-05
605,0.7941232323646545,0.4562363028526306,0.7603603601455688,0.5943495631217957,6.25000029685907e-05
606,0.7929857969284058,0.45784202218055725,0.7603603601455688,0.5946530699729919,6.25000029685907e-05
607,0.7920379042625427,0.45974791049957275,0.7594594359397888,0.5927141308784485,6.25000029685907e-05
608,0.790900468826294,0.45518895983695984,0.7585585713386536,0.5963975191116333,6.25000029685907e-05
609,0.7952606678009033,0.45925387740135193,0.7585585713386536,0.5943546891212463,6.25000029685907e-05
610,0.793933629989624,0.4561540186405182,0.7612612843513489,0.5944424867630005,6.25000029685907e-05
611,0.7931753396987915,0.4584539830684662,0.7585585713386536,0.5946362018585205,6.25000029685907e-05
612,0.793364942073822,0.46059533953666687,0.7603603601455688,0.5963846445083618,6.25000029685907e-05
613,0.7943127751350403,0.4623015522956848,0.7594594359397888,0.5964446067810059,6.25000029685907e-05
614,0.7948815226554871,0.4563710689544678,0.7585585713386536,0.5982407927513123,6.25000029685907e-05
615,0.7945023775100708,0.4564380943775177,0.7576576471328735,0.5996528267860413,6.25000029685907e-05
616,0.7922275066375732,0.45965778827667236,0.7558558583259583,0.6005964279174805,6.25000029685907e-05
617,0.7916587591171265,0.4588959813117981,0.7576576471328735,0.5974141955375671,6.25000029685907e-05
618,0.7907109260559082,0.4597183167934418,0.7567567825317383,0.5909830927848816,6.25000029685907e-05
619,0.7965877056121826,0.4441724717617035,0.7576576471328735,0.5938106179237366,6.25000029685907e-05
620,0.7946919202804565,0.45824024081230164,0.7594594359397888,0.5943090319633484,6.25000029685907e-05
621,0.7969668507575989,0.4624583423137665,0.7576576471328735,0.5935301780700684,6.25000029685907e-05
622,0.793933629989624,0.4529973864555359,0.7594594359397888,0.5919191837310791,6.25000029685907e-05
623,0.7882464528083801,0.4616979658603668,0.7585585713386536,0.5944056510925293,6.25000029685907e-05
624,0.7950710654258728,0.45442506670951843,0.7585585713386536,0.5945629477500916,6.25000029685907e-05
625,0.7922275066375732,0.45654991269111633,0.7585585713386536,0.5961377620697021,6.25000029685907e-05
626,0.7937440872192383,0.4582599699497223,0.7576576471328735,0.5957852602005005,6.25000029685907e-05
627,0.793933629989624,0.45698729157447815,0.7576576471328735,0.5972990393638611,6.25000029685907e-05
628,0.7901421785354614,0.4584163427352905,0.7567567825317383,0.5985927581787109,6.25000029685907e-05
629,0.7931753396987915,0.4630681574344635,0.7585585713386536,0.5945602059364319,6.25000029685907e-05
630,0.7935544848442078,0.45864173769950867,0.7585585713386536,0.5930619239807129,6.25000029685907e-05
631,0.793364942073822,0.4605427086353302,0.7621621489524841,0.5997552275657654,6.25000029685907e-05
632,0.7905213236808777,0.4572068452835083,0.7585585713386536,0.5960047245025635,6.25000029685907e-05
633,0.793933629989624,0.45991164445877075,0.7585585713386536,0.594786524772644,6.25000029685907e-05
634,0.7893838882446289,0.4585687518119812,0.7576576471328735,0.5975309014320374,6.25000029685907e-05
635,0.7905213236808777,0.46544143557548523,0.7594594359397888,0.5964680910110474,6.25000029685907e-05
636,0.7927961945533752,0.4588218331336975,0.7585585713386536,0.5955027937889099,6.25000029685907e-05
637,0.792417049407959,0.4638175666332245,0.7558558583259583,0.596801221370697,6.25000029685907e-05
638,0.7979146838188171,0.4582701027393341,0.7576576471328735,0.5960124135017395,6.25000029685907e-05
639,0.7916587591171265,0.46413642168045044,0.7576576471328735,0.5958898067474365,6.25000029685907e-05
640,0.7963981032371521,0.4630196988582611,0.7576576471328735,0.5973020195960999,6.25000029685907e-05
641,0.7931753396987915,0.45881831645965576,0.7612612843513489,0.598296046257019,6.25000029685907e-05
642,0.7956398129463196,0.4580571949481964,0.7594594359397888,0.5950508117675781,6.25000029685907e-05
643,0.7962085604667664,0.45974332094192505,0.7594594359397888,0.5959094762802124,6.25000029685907e-05
644,0.8001895546913147,0.4578608274459839,0.7612612843513489,0.5937960147857666,6.25000029685907e-05
645,0.7948815226554871,0.4579276442527771,0.7603603601455688,0.5941611528396606,6.25000029685907e-05
646,0.7954502105712891,0.4631856679916382,0.7594594359397888,0.5925329327583313,6.25000029685907e-05
647,0.7922275066375732,0.4608615040779114,0.7612612843513489,0.5922163128852844,6.25000029685907e-05
648,0.7958293557167053,0.4552473723888397,0.7585585713386536,0.5930879712104797,6.25000029685907e-05
649,0.7956398129463196,0.4539286494255066,0.7639639377593994,0.5922212600708008,6.25000029685907e-05
650,0.7946919202804565,0.45799708366394043,0.7612612843513489,0.5938107967376709,6.25000029685907e-05
651,0.7946919202804565,0.45761728286743164,0.7612612843513489,0.595488429069519,6.25000029685907e-05
652,0.7899526357650757,0.4619557559490204,0.7594594359397888,0.5943792462348938,6.25000029685907e-05
653,0.7945023775100708,0.4619143307209015,0.7594594359397888,0.5948784351348877,6.25000029685907e-05
654,0.7922275066375732,0.4595354497432709,0.7594594359397888,0.5927509665489197,6.25000029685907e-05
655,0.7945023775100708,0.4566752016544342,0.7594594359397888,0.5969294309616089,6.25000029685907e-05
656,0.7952606678009033,0.45567724108695984,0.7612612843513489,0.5959970951080322,6.25000029685907e-05
657,0.7922275066375732,0.46079185605049133,0.7612612843513489,0.5911762118339539,6.25000029685907e-05
658,0.7958293557167053,0.45133382081985474,0.7603603601455688,0.5912670493125916,6.25000029685907e-05
659,0.7960189580917358,0.46187740564346313,0.7594594359397888,0.5945508480072021,6.25000029685907e-05
660,0.7916587591171265,0.45690053701400757,0.7567567825317383,0.5984703302383423,6.25000029685907e-05
661,0.790900468826294,0.4570176899433136,0.7585585713386536,0.5966816544532776,6.25000029685907e-05
662,0.7958293557167053,0.45653268694877625,0.7603603601455688,0.5960147976875305,6.25000029685907e-05
663,0.7958293557167053,0.45459654927253723,0.7594594359397888,0.5962868332862854,6.25000029685907e-05
664,0.7926066517829895,0.45605286955833435,0.7594594359397888,0.595291793346405,6.25000029685907e-05
665,0.7891942858695984,0.4577368199825287,0.7585585713386536,0.5982328653335571,6.25000029685907e-05
666,0.7954502105712891,0.4540618658065796,0.7594594359397888,0.5941601991653442,6.25000029685907e-05
667,0.7899526357650757,0.4600915014743805,0.7612612843513489,0.5946527719497681,6.25000029685907e-05
668,0.793933629989624,0.45574936270713806,0.7603603601455688,0.5924104452133179,6.25000029685907e-05
669,0.7935544848442078,0.45066067576408386,0.7603603601455688,0.5952708125114441,6.25000029685907e-05
670,0.7965877056121826,0.4488064646720886,0.7621621489524841,0.6001535654067993,6.25000029685907e-05
671,0.7969668507575989,0.45615077018737793,0.7621621489524841,0.5958857536315918,6.25000029685907e-05
672,0.7910900712013245,0.4574771821498871,0.7612612843513489,0.595542311668396,6.25000029685907e-05
673,0.7977251410484314,0.4550063908100128,0.7603603601455688,0.5950238108634949,6.25000029685907e-05
674,0.7931753396987915,0.4560147523880005,0.7612612843513489,0.5960090160369873,6.25000029685907e-05
675,0.7967772483825684,0.45686450600624084,0.7612612843513489,0.5983496308326721,6.25000029685907e-05
676,0.7946919202804565,0.4620909094810486,0.7612612843513489,0.5992566347122192,6.25000029685907e-05
677,0.7950710654258728,0.4551795721054077,0.7612612843513489,0.5958737134933472,6.25000029685907e-05
678,0.7931753396987915,0.45378220081329346,0.7612612843513489,0.5945047736167908,6.25000029685907e-05
679,0.792417049407959,0.46091583371162415,0.7612612843513489,0.5945324301719666,6.25000029685907e-05
680,0.7935544848442078,0.45639568567276,0.7594594359397888,0.5953630805015564,6.25000029685907e-05
681,0.7937440872192383,0.4591576159000397,0.7594594359397888,0.5952669978141785,6.25000029685907e-05
682,0.7988625764846802,0.4550001919269562,0.7621621489524841,0.5929751992225647,6.25000029685907e-05
683,0.7937440872192383,0.4557875394821167,0.7585585713386536,0.5968321561813354,6.25000029685907e-05
684,0.7920379042625427,0.4590991139411926,0.7621621489524841,0.5962806344032288,6.25000029685907e-05
685,0.791848361492157,0.4547591507434845,0.7612612843513489,0.59355229139328,6.25000029685907e-05
686,0.7962085604667664,0.4554533064365387,0.7594594359397888,0.5986741781234741,6.25000029685907e-05
687,0.7905213236808777,0.46012672781944275,0.7603603601455688,0.5959078073501587,6.25000029685907e-05
688,0.7914692163467407,0.462894082069397,0.7594594359397888,0.5966729521751404,6.25000029685907e-05
689,0.7929857969284058,0.45909231901168823,0.7585585713386536,0.5986489653587341,6.25000029685907e-05
690,0.7922275066375732,0.4594355821609497,0.7621621489524841,0.5972241163253784,6.25000029685907e-05
691,0.7945023775100708,0.45875653624534607,0.7612612843513489,0.5990459322929382,6.25000029685907e-05
692,0.792417049407959,0.45506229996681213,0.7576576471328735,0.5956140756607056,6.25000029685907e-05
693,0.7954502105712891,0.45438453555107117,0.7594594359397888,0.5953153371810913,6.25000029685907e-05
694,0.7973459959030151,0.455452561378479,0.7585585713386536,0.5964869856834412,6.25000029685907e-05
695,0.7927961945533752,0.4595372676849365,0.7603603601455688,0.5959039330482483,6.25000029685907e-05
696,0.8009478449821472,0.45043042302131653,0.7603603601455688,0.598383367061615,6.25000029685907e-05
697,0.7965877056121826,0.45980820059776306,0.7585585713386536,0.5995376110076904,6.25000029685907e-05
698,0.7956398129463196,0.45730534195899963,0.7585585713386536,0.5970724821090698,6.25000029685907e-05
699,0.7935544848442078,0.45515385270118713,0.7585585713386536,0.5958884358406067,6.25000029685907e-05
700,0.7927961945533752,0.4570152759552002,0.7585585713386536,0.5957592725753784,6.25000029685907e-05
701,0.7954502105712891,0.4509676396846771,0.7585585713386536,0.5953659415245056,6.25000029685907e-05
702,0.7945023775100708,0.4483804702758789,0.7585585713386536,0.5968834757804871,6.25000029685907e-05
703,0.7912796139717102,0.45742255449295044,0.7594594359397888,0.5956358909606934,6.25000029685907e-05
704,0.7963981032371521,0.457678884267807,0.7603603601455688,0.5964086651802063,6.25000029685907e-05
705,0.793933629989624,0.4513185918331146,0.7585585713386536,0.5949115753173828,6.25000029685907e-05
706,0.7950710654258728,0.45322173833847046,0.7585585713386536,0.5927855968475342,6.25000029685907e-05
707,0.800568699836731,0.4474913477897644,0.7594594359397888,0.5926840305328369,6.25000029685907e-05
708,0.7992417216300964,0.4522479474544525,0.7594594359397888,0.5960460901260376,6.25000029685907e-05
709,0.7941232323646545,0.4547558128833771,0.7603603601455688,0.5952150225639343,6.25000029685907e-05
710,0.792417049407959,0.4601936936378479,0.7621621489524841,0.5942710638046265,6.25000029685907e-05
711,0.7956398129463196,0.4551442563533783,0.7585585713386536,0.5975176095962524,6.25000029685907e-05
712,0.7973459959030151,0.4550204575061798,0.7594594359397888,0.5938131809234619,6.25000029685907e-05
713,0.7954502105712891,0.45931488275527954,0.7576576471328735,0.5970861911773682,6.25000029685907e-05
714,0.7963981032371521,0.45005035400390625,0.7603603601455688,0.5972315669059753,6.25000029685907e-05
715,0.793933629989624,0.4579062759876251,0.7594594359397888,0.5954155325889587,6.25000029685907e-05
716,0.7931753396987915,0.45359110832214355,0.7576576471328735,0.5958637595176697,6.25000029685907e-05
717,0.7926066517829895,0.45993784070014954,0.7567567825317383,0.5981130599975586,6.25000029685907e-05
718,0.7916587591171265,0.45600658655166626,0.7576576471328735,0.5987768173217773,6.25000029685907e-05
719,0.7956398129463196,0.4566890299320221,0.7576576471328735,0.5945823192596436,6.25000029685907e-05
720,0.7984834313392639,0.4478001296520233,0.7594594359397888,0.5947166085243225,6.25000029685907e-05
721,0.7929857969284058,0.4530830681324005,0.7549549341201782,0.5968247056007385,6.25000029685907e-05
722,0.7920379042625427,0.45609384775161743,0.7567567825317383,0.5975452065467834,6.25000029685907e-05
723,0.7929857969284058,0.45743173360824585,0.7558558583259583,0.5989757776260376,3.125000148429535e-05
724,0.7935544848442078,0.4526008367538452,0.7567567825317383,0.5981555581092834,3.125000148429535e-05
725,0.791848361492157,0.45445841550827026,0.7567567825317383,0.5982121825218201,3.125000148429535e-05
726,0.7943127751350403,0.4538361430168152,0.7585585713386536,0.5962976813316345,3.125000148429535e-05
727,0.7926066517829895,0.45720046758651733,0.7585585713386536,0.5979250073432922,3.125000148429535e-05
728,0.7929857969284058,0.45320725440979004,0.7567567825317383,0.5980225801467896,3.125000148429535e-05
729,0.7927961945533752,0.4538077712059021,0.7567567825317383,0.5959744453430176,3.125000148429535e-05
730,0.793364942073822,0.45291441679000854,0.7576576471328735,0.5985237956047058,3.125000148429535e-05
731,0.7954502105712891,0.45409145951271057,0.7576576471328735,0.6002386212348938,3.125000148429535e-05
732,0.793933629989624,0.4568899869918823,0.7576576471328735,0.5996155142784119,3.125000148429535e-05
733,0.7926066517829895,0.4567379653453827,0.7585585713386536,0.6031479239463806,3.125000148429535e-05
734,0.7979146838188171,0.4607583284378052,0.7567567825317383,0.6019308567047119,3.125000148429535e-05
735,0.792417049407959,0.4584087133407593,0.7567567825317383,0.6001095771789551,3.125000148429535e-05
736,0.7935544848442078,0.4528416097164154,0.7576576471328735,0.600397527217865,3.125000148429535e-05
737,0.7954502105712891,0.4514559209346771,0.7576576471328735,0.5989153385162354,3.125000148429535e-05
738,0.7888151407241821,0.4548286199569702,0.7621621489524841,0.5976201891899109,3.125000148429535e-05
739,0.792417049407959,0.45227858424186707,0.7630630731582642,0.5980020761489868,3.125000148429535e-05
740,0.7943127751350403,0.4496593177318573,0.7576576471328735,0.5995718240737915,3.125000148429535e-05
741,0.793364942073822,0.4506595730781555,0.7594594359397888,0.5975301265716553,3.125000148429535e-05
742,0.7950710654258728,0.4506552815437317,0.7603603601455688,0.5984018445014954,3.125000148429535e-05
743,0.793364942073822,0.45488396286964417,0.7585585713386536,0.5997113585472107,3.125000148429535e-05
744,0.7962085604667664,0.4570206105709076,0.7576576471328735,0.5994561910629272,3.125000148429535e-05
745,0.7941232323646545,0.45475682616233826,0.7594594359397888,0.5992067456245422,3.125000148429535e-05
746,0.7945023775100708,0.45677658915519714,0.7567567825317383,0.598951518535614,3.125000148429535e-05
747,0.7890047430992126,0.4545675218105316,0.7576576471328735,0.6010330319404602,3.125000148429535e-05
748,0.793364942073822,0.45585623383522034,0.7567567825317383,0.5993337035179138,3.125000148429535e-05
749,0.790900468826294,0.46041080355644226,0.7603603601455688,0.5985668301582336,3.125000148429535e-05
750,0.793364942073822,0.45743250846862793,0.7585585713386536,0.5988741517066956,3.125000148429535e-05
751,0.7952606678009033,0.45527181029319763,0.7594594359397888,0.5997352004051208,3.125000148429535e-05
752,0.7903317809104919,0.4585320055484772,0.7594594359397888,0.5991257429122925,3.125000148429535e-05
753,0.7920379042625427,0.4579215347766876,0.7585585713386536,0.597662091255188,3.125000148429535e-05
754,0.7893838882446289,0.4552437365055084,0.7576576471328735,0.5976400971412659,3.125000148429535e-05
755,0.7958293557167053,0.4551946222782135,0.7594594359397888,0.5974660515785217,3.125000148429535e-05
756,0.7954502105712891,0.462208092212677,0.7585585713386536,0.595934271812439,3.125000148429535e-05
757,0.7962085604667664,0.45287492871284485,0.7594594359397888,0.5970036387443542,3.125000148429535e-05
758,0.7958293557167053,0.4552489221096039,0.7585585713386536,0.597889244556427,3.125000148429535e-05
759,0.7920379042625427,0.4608449339866638,0.7603603601455688,0.5981909036636353,3.125000148429535e-05
760,0.7943127751350403,0.45272308588027954,0.7594594359397888,0.5995630621910095,3.125000148429535e-05
761,0.793364942073822,0.4515542984008789,0.7585585713386536,0.5988271236419678,3.125000148429535e-05
762,0.7943127751350403,0.45622920989990234,0.7585585713386536,0.5991688370704651,3.125000148429535e-05
763,0.7956398129463196,0.45952245593070984,0.7594594359397888,0.5981273651123047,3.125000148429535e-05
764,0.7929857969284058,0.45315253734588623,0.7594594359397888,0.5976311564445496,3.125000148429535e-05
765,0.7977251410484314,0.4548057019710541,0.7603603601455688,0.5999072790145874,3.125000148429535e-05
766,0.7952606678009033,0.456722229719162,0.7603603601455688,0.599303662776947,3.125000148429535e-05
767,0.7950710654258728,0.44803962111473083,0.7603603601455688,0.597553551197052,3.125000148429535e-05
768,0.7954502105712891,0.4527096152305603,0.7612612843513489,0.5967575907707214,3.125000148429535e-05
769,0.793933629989624,0.456182599067688,0.7576576471328735,0.598701536655426,3.125000148429535e-05
770,0.7905213236808777,0.45713770389556885,0.7585585713386536,0.5962141752243042,3.125000148429535e-05
771,0.7954502105712891,0.4525739550590515,0.7576576471328735,0.5982120633125305,3.125000148429535e-05
772,0.7941232323646545,0.4575392007827759,0.7603603601455688,0.5971527099609375,3.125000148429535e-05
773,0.7973459959030151,0.4504155218601227,0.7594594359397888,0.5964415669441223,3.125000148429535e-05
774,0.7956398129463196,0.4564184248447418,0.7594594359397888,0.599372923374176,3.125000148429535e-05
775,0.7981042861938477,0.45406848192214966,0.7621621489524841,0.59804368019104,3.125000148429535e-05
776,0.7948815226554871,0.4598831832408905,0.7594594359397888,0.598035991191864,3.125000148429535e-05
777,0.7954502105712891,0.4547268748283386,0.7603603601455688,0.5983486771583557,3.125000148429535e-05
778,0.7945023775100708,0.4548548460006714,0.7594594359397888,0.6001999378204346,3.125000148429535e-05
779,0.7979146838188171,0.4513193368911743,0.7612612843513489,0.5977346897125244,3.125000148429535e-05
780,0.793364942073822,0.45578160881996155,0.7594594359397888,0.5974445939064026,3.125000148429535e-05
781,0.7935544848442078,0.45511922240257263,0.7594594359397888,0.5987187027931213,3.125000148429535e-05
782,0.800568699836731,0.45109158754348755,0.7603603601455688,0.5990904569625854,3.125000148429535e-05
783,0.7967772483825684,0.45162901282310486,0.7576576471328735,0.6020861268043518,3.125000148429535e-05
784,0.7946919202804565,0.45521044731140137,0.7594594359397888,0.5999384522438049,3.125000148429535e-05
785,0.7946919202804565,0.45285525918006897,0.7603603601455688,0.60158771276474,3.125000148429535e-05
786,0.7903317809104919,0.4563748240470886,0.7576576471328735,0.6009805202484131,3.125000148429535e-05
787,0.7920379042625427,0.4533638656139374,0.7594594359397888,0.6004112958908081,3.125000148429535e-05
788,0.792417049407959,0.4465216398239136,0.7594594359397888,0.5988255143165588,3.125000148429535e-05
789,0.7992417216300964,0.45194554328918457,0.7585585713386536,0.5993531346321106,3.125000148429535e-05
790,0.7945023775100708,0.4495922029018402,0.7585585713386536,0.6005218625068665,3.125000148429535e-05
791,0.793933629989624,0.4550238251686096,0.7594594359397888,0.5992748141288757,3.125000148429535e-05
792,0.7956398129463196,0.45294222235679626,0.7576576471328735,0.6021738052368164,3.125000148429535e-05
793,0.7946919202804565,0.4528399109840393,0.7567567825317383,0.6004838347434998,3.125000148429535e-05
794,0.7963981032371521,0.4507906436920166,0.7594594359397888,0.5993621945381165,3.125000148429535e-05
795,0.7988625764846802,0.45191091299057007,0.7594594359397888,0.5994390249252319,3.125000148429535e-05
796,0.7967772483825684,0.44931259751319885,0.7576576471328735,0.599531888961792,3.125000148429535e-05
797,0.7922275066375732,0.4539799690246582,0.7567567825317383,0.6018141508102417,3.125000148429535e-05
798,0.7986729741096497,0.45102396607398987,0.7585585713386536,0.6017895340919495,3.125000148429535e-05
799,0.7977251410484314,0.452340692281723,0.7567567825317383,0.6003516316413879,3.125000148429535e-05
800,0.7965877056121826,0.46028608083724976,0.7576576471328735,0.6001905202865601,3.125000148429535e-05
801,0.7943127751350403,0.45284613966941833,0.7576576471328735,0.5983247756958008,3.125000148429535e-05
802,0.7973459959030151,0.4574718475341797,0.7567567825317383,0.5985217690467834,3.125000148429535e-05
803,0.7931753396987915,0.45382383465766907,0.7576576471328735,0.5990199446678162,3.125000148429535e-05
804,0.790900468826294,0.4585041403770447,0.7576576471328735,0.6016324758529663,3.125000148429535e-05
805,0.791848361492157,0.4530411958694458,0.7585585713386536,0.601211428642273,3.125000148429535e-05
806,0.7981042861938477,0.45400363206863403,0.7576576471328735,0.5989620089530945,3.125000148429535e-05
807,0.7979146838188171,0.45331743359565735,0.7567567825317383,0.5997442007064819,3.125000148429535e-05
808,0.790900468826294,0.45524725317955017,0.7567567825317383,0.6008538603782654,3.125000148429535e-05
809,0.7956398129463196,0.4581699073314667,0.7576576471328735,0.5995859503746033,3.125000148429535e-05
810,0.7935544848442078,0.4517850875854492,0.7567567825317383,0.6002867221832275,3.125000148429535e-05
811,0.792417049407959,0.45294782519340515,0.7576576471328735,0.6000784635543823,3.125000148429535e-05
812,0.7941232323646545,0.4567955434322357,0.7594594359397888,0.5994868278503418,3.125000148429535e-05
813,0.7977251410484314,0.452297180891037,0.7585585713386536,0.6007422804832458,3.125000148429535e-05
814,0.7954502105712891,0.4551612138748169,0.7594594359397888,0.6015385389328003,3.125000148429535e-05
815,0.791848361492157,0.4571339190006256,0.7603603601455688,0.6027069091796875,3.125000148429535e-05
816,0.7945023775100708,0.4537326991558075,0.7612612843513489,0.6008522510528564,3.125000148429535e-05
817,0.7916587591171265,0.45774126052856445,0.7594594359397888,0.6003293991088867,3.125000148429535e-05
818,0.7971563935279846,0.4543851912021637,0.7594594359397888,0.5992943644523621,3.125000148429535e-05
819,0.7907109260559082,0.4575183689594269,0.7585585713386536,0.5988028049468994,3.125000148429535e-05
820,0.7952606678009033,0.45472046732902527,0.7594594359397888,0.599536657333374,3.125000148429535e-05
821,0.793364942073822,0.45944011211395264,0.7576576471328735,0.5988599061965942,3.125000148429535e-05
822,0.7945023775100708,0.4516831934452057,0.7585585713386536,0.5997830033302307,3.125000148429535e-05
823,0.7916587591171265,0.44938865303993225,0.7594594359397888,0.5970446467399597,3.125000148429535e-05
824,0.7960189580917358,0.4607085883617401,0.7576576471328735,0.6002073287963867,3.125000148429535e-05
825,0.7950710654258728,0.45293113589286804,0.7585585713386536,0.6007079482078552,3.125000148429535e-05
826,0.7956398129463196,0.4590337574481964,0.7585585713386536,0.5992779731750488,3.125000148429535e-05
827,0.7926066517829895,0.4535748064517975,0.7603603601455688,0.5978906750679016,3.125000148429535e-05
828,0.7943127751350403,0.4559570252895355,0.7594594359397888,0.5988771915435791,3.125000148429535e-05
829,0.7967772483825684,0.45315027236938477,0.7603603601455688,0.5975072979927063,3.125000148429535e-05
830,0.7916587591171265,0.4498610496520996,0.7612612843513489,0.5991003513336182,3.125000148429535e-05
831,0.7958293557167053,0.44815072417259216,0.7630630731582642,0.5975989699363708,3.125000148429535e-05
832,0.7967772483825684,0.4511733651161194,0.7612612843513489,0.6005287766456604,3.125000148429535e-05
833,0.793933629989624,0.45062255859375,0.7621621489524841,0.5975005030632019,3.125000148429535e-05
834,0.7952606678009033,0.45744839310646057,0.7594594359397888,0.5998559594154358,3.125000148429535e-05
835,0.7958293557167053,0.45170730352401733,0.7594594359397888,0.6017330288887024,3.125000148429535e-05
836,0.7935544848442078,0.4576687812805176,0.7612612843513489,0.600774347782135,3.125000148429535e-05
837,0.7941232323646545,0.45645055174827576,0.7621621489524841,0.5996912717819214,3.125000148429535e-05
838,0.7975355386734009,0.45121297240257263,0.7612612843513489,0.5992271900177002,3.125000148429535e-05
839,0.7946919202804565,0.4578060209751129,0.7594594359397888,0.6009985208511353,3.125000148429535e-05
840,0.7946919202804565,0.4549960792064667,0.7594594359397888,0.6011611819267273,3.125000148429535e-05
841,0.7963981032371521,0.44950631260871887,0.7603603601455688,0.5986779928207397,3.125000148429535e-05
842,0.7967772483825684,0.4585975110530853,0.7585585713386536,0.6001628041267395,3.125000148429535e-05
843,0.793933629989624,0.4530910849571228,0.7585585713386536,0.600041389465332,3.125000148429535e-05
844,0.7965877056121826,0.4532427489757538,0.7603603601455688,0.5989768505096436,3.125000148429535e-05
845,0.7912796139717102,0.45517581701278687,0.7585585713386536,0.6015599966049194,3.125000148429535e-05
846,0.7982938289642334,0.454646497964859,0.7603603601455688,0.6004738211631775,3.125000148429535e-05
847,0.7935544848442078,0.45569485425949097,0.7594594359397888,0.6020224690437317,3.125000148429535e-05
848,0.7946919202804565,0.45405036211013794,0.7594594359397888,0.6014828085899353,1.5625000742147677e-05
849,0.7979146838188171,0.44818633794784546,0.7594594359397888,0.6011766791343689,1.5625000742147677e-05
850,0.7971563935279846,0.4611095190048218,0.7612612843513489,0.6027634739875793,1.5625000742147677e-05
851,0.7931753396987915,0.4559345245361328,0.7612612843513489,0.6016876101493835,1.5625000742147677e-05
852,0.7946919202804565,0.45330220460891724,0.7603603601455688,0.5999202728271484,1.5625000742147677e-05
853,0.7971563935279846,0.4514024555683136,0.7621621489524841,0.5987629294395447,1.5625000742147677e-05
854,0.793933629989624,0.45227739214897156,0.7612612843513489,0.5997503399848938,1.5625000742147677e-05
855,0.793364942073822,0.4542601704597473,0.7612612843513489,0.5993038415908813,1.5625000742147677e-05
856,0.7990521192550659,0.45709455013275146,0.7612612843513489,0.6001033782958984,1.5625000742147677e-05
857,0.7922275066375732,0.4524766802787781,0.7594594359397888,0.6000133156776428,1.5625000742147677e-05
858,0.7969668507575989,0.4516609311103821,0.7612612843513489,0.5998914241790771,1.5625000742147677e-05
859,0.7952606678009033,0.45230671763420105,0.7612612843513489,0.5990563035011292,1.5625000742147677e-05
860,0.7998104095458984,0.45011061429977417,0.7612612843513489,0.6002742648124695,1.5625000742147677e-05
861,0.7969668507575989,0.4557512104511261,0.7594594359397888,0.6006271243095398,1.5625000742147677e-05
862,0.7888151407241821,0.46275821328163147,0.7603603601455688,0.5991518497467041,1.5625000742147677e-05
863,0.7935544848442078,0.455382764339447,0.7603603601455688,0.599007785320282,1.5625000742147677e-05
864,0.7996208667755127,0.4502500593662262,0.7603603601455688,0.5982648134231567,1.5625000742147677e-05
865,0.7967772483825684,0.45351752638816833,0.7621621489524841,0.5986440181732178,1.5625000742147677e-05
866,0.7926066517829895,0.4581873416900635,0.7621621489524841,0.6005685329437256,1.5625000742147677e-05
867,0.7952606678009033,0.455471009016037,0.7603603601455688,0.6005203127861023,1.5625000742147677e-05
868,0.7943127751350403,0.45275160670280457,0.7603603601455688,0.5985841155052185,1.5625000742147677e-05
869,0.7937440872192383,0.45061758160591125,0.7603603601455688,0.5983654856681824,1.5625000742147677e-05
870,0.7945023775100708,0.4479353725910187,0.7585585713386536,0.5992710590362549,1.5625000742147677e-05
871,0.791848361492157,0.452059805393219,0.7594594359397888,0.5983548164367676,1.5625000742147677e-05
872,0.7956398129463196,0.4478798508644104,0.7576576471328735,0.5989217758178711,1.5625000742147677e-05
873,0.7986729741096497,0.45115193724632263,0.7585585713386536,0.5992574095726013,1.5625000742147677e-05
874,0.7922275066375732,0.4547100067138672,0.7585585713386536,0.5993738770484924,1.5625000742147677e-05
875,0.7931753396987915,0.45407962799072266,0.7594594359397888,0.5991026759147644,1.5625000742147677e-05
876,0.7931753396987915,0.4555450677871704,0.7585585713386536,0.6004436016082764,1.5625000742147677e-05
877,0.7937440872192383,0.45490577816963196,0.7585585713386536,0.600026547908783,1.5625000742147677e-05
878,0.7954502105712891,0.45301997661590576,0.7594594359397888,0.5992013812065125,1.5625000742147677e-05
879,0.7992417216300964,0.45177993178367615,0.7594594359397888,0.5997015237808228,1.5625000742147677e-05
880,0.7958293557167053,0.44987544417381287,0.7585585713386536,0.5994440913200378,1.5625000742147677e-05
881,0.7971563935279846,0.452995628118515,0.7594594359397888,0.5991823673248291,1.5625000742147677e-05
882,0.7937440872192383,0.45515695214271545,0.7594594359397888,0.5989194512367249,1.5625000742147677e-05
883,0.7941232323646545,0.4537208080291748,0.7594594359397888,0.5996550917625427,1.5625000742147677e-05
884,0.7958293557167053,0.45753106474876404,0.7603603601455688,0.600972056388855,1.5625000742147677e-05
885,0.7895734310150146,0.4577038288116455,0.7585585713386536,0.5995655059814453,1.5625000742147677e-05
886,0.7943127751350403,0.4542558193206787,0.7594594359397888,0.6006907820701599,1.5625000742147677e-05
887,0.7946919202804565,0.448030024766922,0.7603603601455688,0.6004707217216492,1.5625000742147677e-05
888,0.790900468826294,0.45476585626602173,0.7594594359397888,0.6002904176712036,1.5625000742147677e-05
889,0.792417049407959,0.4516935348510742,0.7612612843513489,0.6000651121139526,1.5625000742147677e-05
890,0.7922275066375732,0.4496689736843109,0.7603603601455688,0.600408136844635,1.5625000742147677e-05
891,0.7981042861938477,0.45574742555618286,0.7603603601455688,0.6004607677459717,1.5625000742147677e-05
892,0.7920379042625427,0.4572986662387848,0.7594594359397888,0.5997779369354248,1.5625000742147677e-05
893,0.793364942073822,0.45933088660240173,0.7603603601455688,0.6003819108009338,1.5625000742147677e-05
894,0.7967772483825684,0.4514758586883545,0.7603603601455688,0.5996978282928467,1.5625000742147677e-05
895,0.7965877056121826,0.45307308435440063,0.7603603601455688,0.5999804139137268,1.5625000742147677e-05
896,0.7882464528083801,0.4552348852157593,0.7612612843513489,0.601119875907898,1.5625000742147677e-05
897,0.7973459959030151,0.4552464187145233,0.7612612843513489,0.6006912589073181,1.5625000742147677e-05
898,0.7945023775100708,0.45207539200782776,0.7594594359397888,0.6012052297592163,1.5625000742147677e-05
899,0.7952606678009033,0.4520367980003357,0.7594594359397888,0.6013364195823669,1.5625000742147677e-05
900,0.7986729741096497,0.45356157422065735,0.7621621489524841,0.6007803082466125,1.5625000742147677e-05
901,0.8009478449821472,0.44710591435432434,0.7603603601455688,0.5997535586357117,1.5625000742147677e-05
902,0.7948815226554871,0.44760265946388245,0.7603603601455688,0.5993418097496033,1.5625000742147677e-05
903,0.7948815226554871,0.4516523778438568,0.7603603601455688,0.6000781655311584,1.5625000742147677e-05
904,0.793933629989624,0.44921934604644775,0.7603603601455688,0.5994356870651245,1.5625000742147677e-05
905,0.7945023775100708,0.4536096155643463,0.7594594359397888,0.6004855632781982,1.5625000742147677e-05
906,0.793933629989624,0.45407503843307495,0.7612612843513489,0.6003063917160034,1.5625000742147677e-05
907,0.792417049407959,0.45406240224838257,0.7603603601455688,0.5997889637947083,1.5625000742147677e-05
908,0.7954502105712891,0.45266157388687134,0.7603603601455688,0.6003977060317993,1.5625000742147677e-05
909,0.7946919202804565,0.4533396065235138,0.7603603601455688,0.6010322570800781,1.5625000742147677e-05
910,0.792417049407959,0.45631399750709534,0.7603603601455688,0.6008085608482361,1.5625000742147677e-05
911,0.7929857969284058,0.45145970582962036,0.7612612843513489,0.6005147695541382,1.5625000742147677e-05
912,0.7954502105712891,0.45268502831459045,0.7612612843513489,0.6000013947486877,1.5625000742147677e-05
913,0.793933629989624,0.44609421491622925,0.7612612843513489,0.6004612445831299,1.5625000742147677e-05
914,0.7954502105712891,0.4585374593734741,0.7612612843513489,0.601995050907135,1.5625000742147677e-05
915,0.7943127751350403,0.45455417037010193,0.7612612843513489,0.602311372756958,1.5625000742147677e-05
916,0.7929857969284058,0.45165348052978516,0.7621621489524841,0.601825475692749,1.5625000742147677e-05
917,0.7948815226554871,0.44809815287590027,0.7621621489524841,0.5999280214309692,1.5625000742147677e-05
918,0.7992417216300964,0.45157477259635925,0.7621621489524841,0.6003890037536621,1.5625000742147677e-05
919,0.7920379042625427,0.45056188106536865,0.7630630731582642,0.6007074117660522,1.5625000742147677e-05
920,0.793933629989624,0.4522976875305176,0.7621621489524841,0.6012507081031799,1.5625000742147677e-05
921,0.7927961945533752,0.45748427510261536,0.7621621489524841,0.6006131172180176,1.5625000742147677e-05
922,0.7986729741096497,0.4493389427661896,0.7603603601455688,0.6006857752799988,1.5625000742147677e-05
923,0.7950710654258728,0.4617873430252075,0.7621621489524841,0.6012808084487915,1.5625000742147677e-05
924,0.7950710654258728,0.457786500453949,0.7612612843513489,0.6013103723526001,1.5625000742147677e-05
925,0.7931753396987915,0.4592471122741699,0.7603603601455688,0.6030500531196594,1.5625000742147677e-05
926,0.7954502105712891,0.4515874981880188,0.7612612843513489,0.602013111114502,1.5625000742147677e-05
927,0.7988625764846802,0.4498266577720642,0.7612612843513489,0.6015074849128723,1.5625000742147677e-05
928,0.7950710654258728,0.4545176327228546,0.7603603601455688,0.6009429693222046,1.5625000742147677e-05
929,0.7946919202804565,0.4523361921310425,0.7603603601455688,0.601564884185791,1.5625000742147677e-05
930,0.7937440872192383,0.45113393664360046,0.7603603601455688,0.6019288897514343,1.5625000742147677e-05
931,0.7950710654258728,0.45329341292381287,0.7603603601455688,0.6017049551010132,1.5625000742147677e-05
932,0.7982938289642334,0.44871020317077637,0.7585585713386536,0.602120041847229,1.5625000742147677e-05
933,0.7996208667755127,0.4499027729034424,0.7603603601455688,0.6024851202964783,1.5625000742147677e-05
934,0.7981042861938477,0.4534911811351776,0.7603603601455688,0.6018519401550293,1.5625000742147677e-05
935,0.7922275066375732,0.4582403898239136,0.7594594359397888,0.6017982363700867,1.5625000742147677e-05
936,0.7884359955787659,0.45489585399627686,0.7594594359397888,0.60206538438797,1.5625000742147677e-05
937,0.7941232323646545,0.4500851035118103,0.7603603601455688,0.6028107404708862,1.5625000742147677e-05
938,0.7948815226554871,0.4496910274028778,0.7594594359397888,0.6025363802909851,1.5625000742147677e-05
939,0.7950710654258728,0.44818344712257385,0.7603603601455688,0.6032424569129944,1.5625000742147677e-05
940,0.7956398129463196,0.45143041014671326,0.7612612843513489,0.602186381816864,1.5625000742147677e-05
941,0.7927961945533752,0.4530443847179413,0.7621621489524841,0.601877748966217,1.5625000742147677e-05
942,0.7950710654258728,0.4531773030757904,0.7621621489524841,0.6015956997871399,1.5625000742147677e-05
943,0.7931753396987915,0.45265036821365356,0.7621621489524841,0.6018978357315063,1.5625000742147677e-05
944,0.7948815226554871,0.4548085629940033,0.7621621489524841,0.6019474267959595,1.5625000742147677e-05
945,0.7990521192550659,0.45294269919395447,0.7621621489524841,0.6012910604476929,1.5625000742147677e-05
946,0.7941232323646545,0.4542924463748932,0.7612612843513489,0.6013163924217224,1.5625000742147677e-05
947,0.7929857969284058,0.4617353677749634,0.7621621489524841,0.6020576357841492,1.5625000742147677e-05
948,0.7963981032371521,0.452485054731369,0.7621621489524841,0.6007885336875916,1.5625000742147677e-05
949,0.7967772483825684,0.4523490369319916,0.7612612843513489,0.6000549793243408,1.5625000742147677e-05
950,0.7946919202804565,0.4482833743095398,0.7612612843513489,0.5999131202697754,1.5625000742147677e-05
951,0.7962085604667664,0.45198529958724976,0.7612612843513489,0.6006574034690857,1.5625000742147677e-05
952,0.793933629989624,0.4611950218677521,0.7630630731582642,0.6005081534385681,1.5625000742147677e-05
953,0.792417049407959,0.4515687823295593,0.7612612843513489,0.6011545658111572,1.5625000742147677e-05
954,0.793364942073822,0.4449944496154785,0.7612612843513489,0.6016948819160461,1.5625000742147677e-05
955,0.7971563935279846,0.450524240732193,0.7621621489524841,0.6015039682388306,1.5625000742147677e-05
956,0.7922275066375732,0.45431116223335266,0.7612612843513489,0.6012939810752869,1.5625000742147677e-05
957,0.7935544848442078,0.45273464918136597,0.7630630731582642,0.6009389162063599,1.5625000742147677e-05
958,0.7952606678009033,0.4536743760108948,0.7612612843513489,0.601046085357666,1.5625000742147677e-05
959,0.7948815226554871,0.448601096868515,0.7612612843513489,0.6002640724182129,1.5625000742147677e-05
960,0.7945023775100708,0.4513859450817108,0.7594594359397888,0.6021906733512878,1.5625000742147677e-05
961,0.800568699836731,0.44917598366737366,0.7603603601455688,0.6024776101112366,1.5625000742147677e-05
962,0.7927961945533752,0.45576584339141846,0.7612612843513489,0.60051029920578,1.5625000742147677e-05
963,0.7948815226554871,0.4558599889278412,0.7612612843513489,0.6011810302734375,1.5625000742147677e-05
964,0.7931753396987915,0.45910054445266724,0.7603603601455688,0.6014768481254578,1.5625000742147677e-05
965,0.7937440872192383,0.4517907202243805,0.7603603601455688,0.6013150811195374,1.5625000742147677e-05
966,0.7926066517829895,0.4611479938030243,0.7603603601455688,0.6015281081199646,1.5625000742147677e-05
967,0.7977251410484314,0.4531010389328003,0.7612612843513489,0.602912962436676,1.5625000742147677e-05
968,0.7981042861938477,0.451720654964447,0.7585585713386536,0.6037445068359375,1.5625000742147677e-05
969,0.7954502105712891,0.4557707905769348,0.7603603601455688,0.6035078763961792,1.5625000742147677e-05
970,0.790900468826294,0.45771539211273193,0.7594594359397888,0.6029410362243652,1.5625000742147677e-05
971,0.7901421785354614,0.4545411467552185,0.7594594359397888,0.6027069091796875,1.5625000742147677e-05
972,0.7948815226554871,0.45174098014831543,0.7603603601455688,0.6030955910682678,1.5625000742147677e-05
973,0.7977251410484314,0.4563956558704376,0.7594594359397888,0.6034988164901733,7.812500371073838e-06
974,0.7941232323646545,0.4592040777206421,0.7603603601455688,0.6033186912536621,7.812500371073838e-06
975,0.7971563935279846,0.45009931921958923,0.7594594359397888,0.6023887991905212,7.812500371073838e-06
976,0.7969668507575989,0.45556145906448364,0.7594594359397888,0.6019624471664429,7.812500371073838e-06
977,0.7954502105712891,0.4572388231754303,0.7594594359397888,0.6016330718994141,7.812500371073838e-06
978,0.7975355386734009,0.44954609870910645,0.7594594359397888,0.602207601070404,7.812500371073838e-06
979,0.7912796139717102,0.4521046578884125,0.7603603601455688,0.6020674705505371,7.812500371073838e-06
980,0.792417049407959,0.45922383666038513,0.7603603601455688,0.6017809510231018,7.812500371073838e-06
981,0.7992417216300964,0.4535462260246277,0.7603603601455688,0.6021230816841125,7.812500371073838e-06
982,0.7946919202804565,0.44985485076904297,0.7621621489524841,0.6018692255020142,7.812500371073838e-06
983,0.7954502105712891,0.45095294713974,0.7612612843513489,0.6016350984573364,7.812500371073838e-06
984,0.800000011920929,0.4520036578178406,0.7612612843513489,0.6017369031906128,7.812500371073838e-06
985,0.7952606678009033,0.44869914650917053,0.7612612843513489,0.6019397377967834,7.812500371073838e-06
986,0.7952606678009033,0.4569801986217499,0.7585585713386536,0.6022291779518127,7.812500371073838e-06
987,0.7914692163467407,0.45111697912216187,0.7585585713386536,0.603087306022644,7.812500371073838e-06
988,0.7960189580917358,0.4499816596508026,0.7594594359397888,0.6028769016265869,7.812500371073838e-06
989,0.792417049407959,0.4530216157436371,0.7603603601455688,0.6021744012832642,7.812500371073838e-06
990,0.7910900712013245,0.4558762311935425,0.7603603601455688,0.6028291583061218,7.812500371073838e-06
991,0.7977251410484314,0.45646214485168457,0.7585585713386536,0.6029046773910522,7.812500371073838e-06
992,0.7935544848442078,0.45525071024894714,0.7594594359397888,0.6030593514442444,7.812500371073838e-06
993,0.7958293557167053,0.4510081708431244,0.7594594359397888,0.6027686595916748,7.812500371073838e-06
994,0.7971563935279846,0.4559788405895233,0.7585585713386536,0.602693498134613,7.812500371073838e-06
995,0.792417049407959,0.45384982228279114,0.7585585713386536,0.60286545753479,7.812500371073838e-06
996,0.7963981032371521,0.44933953881263733,0.7585585713386536,0.6034016013145447,7.812500371073838e-06
997,0.7967772483825684,0.4530803859233856,0.7594594359397888,0.603283703327179,7.812500371073838e-06
998,0.7971563935279846,0.4572336971759796,0.7603603601455688,0.602759063243866,7.812500371073838e-06
999,0.7962085604667664,0.45420411229133606,0.7603603601455688,0.6026697754859924,7.812500371073838e-06
1000,0.7952606678009033,0.44726404547691345,0.7603603601455688,0.6021753549575806,7.812500371073838e-06
1001,0.7952606678009033,0.44732487201690674,0.7594594359397888,0.6022983193397522,7.812500371073838e-06
1002,0.7935544848442078,0.45342469215393066,0.7603603601455688,0.6018682718276978,7.812500371073838e-06
1003,0.7992417216300964,0.4530695080757141,0.7603603601455688,0.6011171340942383,7.812500371073838e-06
1004,0.7962085604667664,0.4518193304538727,0.7594594359397888,0.6011603474617004,7.812500371073838e-06
1005,0.7990521192550659,0.4479258954524994,0.7603603601455688,0.6006287932395935,7.812500371073838e-06
1006,0.7922275066375732,0.4619769752025604,0.7594594359397888,0.6009916067123413,7.812500371073838e-06
1007,0.7945023775100708,0.4503380060195923,0.7594594359397888,0.6015219688415527,7.812500371073838e-06
1008,0.8013269901275635,0.4491219222545624,0.7603603601455688,0.6019811630249023,7.812500371073838e-06
1009,0.7914692163467407,0.45627716183662415,0.7603603601455688,0.6016517877578735,7.812500371073838e-06
1010,0.7952606678009033,0.44851380586624146,0.7603603601455688,0.6011285781860352,7.812500371073838e-06
1011,0.7927961945533752,0.45398834347724915,0.7603603601455688,0.6014111042022705,7.812500371073838e-06
1012,0.7996208667755127,0.44772040843963623,0.7612612843513489,0.6012942790985107,7.812500371073838e-06
1013,0.7958293557167053,0.455297589302063,0.7612612843513489,0.6009266376495361,7.812500371073838e-06
1014,0.7956398129463196,0.44831401109695435,0.7603603601455688,0.6011075377464294,7.812500371073838e-06
1015,0.7943127751350403,0.4509890675544739,0.7612612843513489,0.6007797122001648,7.812500371073838e-06
1016,0.7937440872192383,0.44692638516426086,0.7612612843513489,0.6007816791534424,7.812500371073838e-06
1017,0.7973459959030151,0.45114439725875854,0.7612612843513489,0.6000769734382629,7.812500371073838e-06
1018,0.7973459959030151,0.4511350691318512,0.7612612843513489,0.6005244255065918,7.812500371073838e-06
1019,0.7920379042625427,0.4576452374458313,0.7612612843513489,0.6012496948242188,7.812500371073838e-06
1020,0.7952606678009033,0.45255160331726074,0.7603603601455688,0.6014290452003479,7.812500371073838e-06
1021,0.790900468826294,0.4532266855239868,0.7603603601455688,0.6010025143623352,7.812500371073838e-06
1022,0.7962085604667664,0.4508795142173767,0.7594594359397888,0.6010040640830994,7.812500371073838e-06
1023,0.7954502105712891,0.45382174849510193,0.7594594359397888,0.6010933518409729,7.812500371073838e-06
1024,0.7979146838188171,0.44902923703193665,0.7594594359397888,0.6016584038734436,7.812500371073838e-06
1025,0.7965877056121826,0.4451734125614166,0.7594594359397888,0.6008613109588623,7.812500371073838e-06
1026,0.7963981032371521,0.45250388979911804,0.7603603601455688,0.601615846157074,7.812500371073838e-06
1027,0.7920379042625427,0.4582296311855316,0.7603603601455688,0.6011843085289001,7.812500371073838e-06
1028,0.7946919202804565,0.458838552236557,0.7603603601455688,0.601020872592926,7.812500371073838e-06
1029,0.8017061352729797,0.4481699764728546,0.7603603601455688,0.6014026403427124,7.812500371073838e-06
1030,0.7960189580917358,0.4560467600822449,0.7594594359397888,0.6009609699249268,7.812500371073838e-06
1031,0.7963981032371521,0.45134344696998596,0.7585585713386536,0.6005473732948303,7.812500371073838e-06
1032,0.7941232323646545,0.4556388854980469,0.7594594359397888,0.6010498404502869,7.812500371073838e-06
1033,0.7935544848442078,0.45119205117225647,0.7603603601455688,0.6012754440307617,7.812500371073838e-06
1034,0.7931753396987915,0.45133885741233826,0.7603603601455688,0.6013980507850647,7.812500371073838e-06
1035,0.7960189580917358,0.44259437918663025,0.7603603601455688,0.6015160083770752,7.812500371073838e-06
1036,0.7969668507575989,0.4484160244464874,0.7612612843513489,0.6010535955429077,7.812500371073838e-06
1037,0.7986729741096497,0.4499901533126831,0.7603603601455688,0.6015408039093018,7.812500371073838e-06
1038,0.792417049407959,0.4558420181274414,0.7603603601455688,0.6016861796379089,7.812500371073838e-06
1039,0.7937440872192383,0.4498882293701172,0.7603603601455688,0.6007120013237,7.812500371073838e-06
1040,0.7982938289642334,0.44925305247306824,0.7594594359397888,0.601097047328949,7.812500371073838e-06
1041,0.7929857969284058,0.4531455636024475,0.7594594359397888,0.6016586422920227,7.812500371073838e-06
1042,0.793933629989624,0.4493796229362488,0.7594594359397888,0.601397693157196,7.812500371073838e-06
